region,producto,precio_promedio_mxn,indice_inflacion_local,variacion_porcentual_mensual,costo_transporte_mxn
Centro,Huevo (Kg),42.73,6.7,0.53,10.14
Occidente,Frijol (Kg),43.04,5.51,5.94,19.39
Sur,Aceite (Litro),46.64,4.51,-0.95,5.56
Centro,Leche (Litro),50.2,5.63,0.12,12.51
Norte,Leche (Litro),53.48,3.09,0.92,17.54
Norte,Frijol (Kg),43.18,5.2,0.28,7.92
Norte,Frijol (Kg),56.96,5.46,0.04,21.46
Occidente,Leche (Litro),46.37,5.94,-0.74,9.7
Centro,Huevo (Kg),47.87,4.39,0.4,18.05
Sur,Tortilla (Kg),43.52,5.27,-0.45,13.1
Norte,Huevo (Kg),33.45,4.46,-1.06,16.92
Occidente,Aceite (Litro),53.3,5.4,1.88,7.15
Sur,Aceite (Litro),125.0,4.48,1.43,5.34
Norte,Huevo (Kg),46.31,4.87,0.2,23.19
Norte,Leche (Litro),48.4,4.4,0.39,10.39
Norte,Aceite (Litro),51.1,5.72,1.64,21.39
Centro,Huevo (Kg),38.62,5.89,0.39,24.99
Centro,Frijol (Kg),44.83,5.01,1.34,9.23
Centro,Aceite (Litro),52.77,5.23,-0.12,10.3
Norte,Huevo (Kg),40.47,4.04,2.12,18.26
Centro,Frijol (Kg),49.76,4.96,0.5,24.31
Norte,Tortilla (Kg),39.86,5.16,0.35,23.32
Norte,Aceite (Litro),50.8,7.3,-0.73,15.06
Centro,Aceite (Litro),47.79,4.31,0.46,20.9
Centro,Aceite (Litro),38.31,6.37,-0.5,7.71
Sur,Tortilla (Kg),54.99,6.0,-0.38,24.55
Norte,Aceite (Litro),43.59,5.42,-0.49,24.29
Centro,Leche (Litro),43.14,6.61,-0.63,8.27
Centro,Tortilla (Kg),49.2,5.5,4.4,10.99
Norte,Leche (Litro),54.89,5.51,2.16,7.0
Centro,Huevo (Kg),41.91,5.16,3.72,10.43
Norte,Frijol (Kg),48.37,6.18,-0.71,21.32
Norte,Huevo (Kg),50.57,6.08,0.22,12.57
Occidente,Huevo (Kg),52.16,4.7,-0.74,6.77
Occidente,Huevo (Kg),49.06,4.14,-0.41,11.84
Sur,Frijol (Kg),45.8,5.04,-0.55,24.63
Centro,Tortilla (Kg),43.03,4.56,1.97,17.59
Norte,Leche (Litro),48.52,5.15,-0.2,13.32
Sur,Huevo (Kg),41.57,6.19,1.63,8.33
Centro,Tortilla (Kg),30.47,4.83,0.87,24.72
Norte,Frijol (Kg),50.62,5.17,5.07,21.42
Centro,Leche (Litro),53.42,5.25,-0.82,10.63
Norte,Tortilla (Kg),33.82,5.88,2.01,6.4
Occidente,Frijol (Kg),41.94,3.4,1.78,6.13
Norte,Aceite (Litro),51.71,4.71,-0.58,7.41
Sur,Frijol (Kg),60.34,5.37,1.52,16.62
Centro,Huevo (Kg),48.12,6.16,0.52,23.58
Centro,Huevo (Kg),43.63,4.81,-0.06,14.93
Centro,Aceite (Litro),46.9,3.7,-0.49,21.86
Norte,Huevo (Kg),56.25,5.7,-0.43,13.92
Occidente,Aceite (Litro),44.12,4.69,4.14,19.17
Sur,Frijol (Kg),43.2,4.25,0.15,19.64
Occidente,Aceite (Litro),45.1,4.7,1.14,8.48
Occidente,Leche (Litro),42.28,5.05,-0.47,12.22
Centro,Aceite (Litro),48.74,4.72,-0.47,17.75
Occidente,Tortilla (Kg),57.75,3.44,1.66,6.41
Norte,Leche (Litro),49.94,5.92,-0.77,12.23
Norte,Tortilla (Kg),46.49,6.22,-0.21,15.7
Norte,Tortilla (Kg),46.25,5.72,0.18,24.92
Centro,Frijol (Kg),38.62,4.29,0.26,14.49
Centro,Aceite (Litro),53.3,5.04,-0.02,21.32
Norte,Aceite (Litro),47.53,5.19,0.59,13.64
Sur,Leche (Litro),46.92,5.68,1.0,20.93
Centro,Tortilla (Kg),67.16,5.73,1.06,16.91
Norte,Tortilla (Kg),49.79,4.61,-0.59,22.73
Centro,Leche (Litro),43.49,5.27,-0.11,13.22
Norte,Huevo (Kg),45.44,5.57,1.88,17.09
Sur,Huevo (Kg),54.89,6.36,1.32,17.6
Norte,Tortilla (Kg),48.68,5.76,-0.78,13.35
Occidente,Tortilla (Kg),39.37,5.83,0.54,7.89
Sur,Tortilla (Kg),53.52,5.27,-1.0,6.87
Norte,Huevo (Kg),43.99,6.33,0.2,5.33
Norte,Huevo (Kg),59.24,5.53,3.65,22.47
Sur,Huevo (Kg),54.48,4.51,-0.57,9.73
Sur,Aceite (Litro),45.32,6.32,-0.5,9.23
Sur,Tortilla (Kg),55.69,5.76,1.11,19.72
Sur,Tortilla (Kg),48.41,4.85,-0.85,11.4
Norte,Frijol (Kg),53.12,4.82,-0.37,15.12
Centro,Huevo (Kg),50.91,5.44,0.86,8.25
Norte,Aceite (Litro),42.92,5.57,-0.37,24.19
Occidente,Leche (Litro),44.14,5.36,-0.07,22.03
Centro,Huevo (Kg),54.18,5.45,1.08,22.28
Centro,Tortilla (Kg),45.99,6.56,0.62,13.14
Norte,Aceite (Litro),45.58,6.06,0.43,20.25
Centro,Aceite (Litro),42.27,5.35,-0.15,7.88
Centro,Tortilla (Kg),50.54,5.95,0.56,5.17
Sur,Frijol (Kg),60.38,4.37,0.03,5.4
Centro,Huevo (Kg),41.59,5.52,0.67,16.73
Occidente,Aceite (Litro),48.15,6.65,38.5,14.11
Centro,Huevo (Kg),56.47,5.03,-0.02,15.36
Norte,Aceite (Litro),47.52,4.52,-0.59,5.15
Sur,Frijol (Kg),50.71,4.68,0.11,13.45
Sur,Frijol (Kg),41.63,4.33,-0.49,19.36
Centro,Frijol (Kg),50.57,4.57,-0.66,13.85
Sur,Huevo (Kg),46.88,4.9,0.43,19.64
Centro,Huevo (Kg),53.91,4.08,0.37,9.66
Centro,Huevo (Kg),55.12,5.21,1.14,21.26
Centro,Huevo (Kg),63.54,5.92,-0.23,16.77
Norte,Leche (Litro),51.48,4.47,0.61,9.22
Norte,Tortilla (Kg),49.95,6.42,0.79,9.73
Norte,Huevo (Kg),49.17,5.61,0.65,17.56
Centro,Aceite (Litro),45.88,6.02,-0.5,21.6
Centro,Aceite (Litro),50.03,4.67,0.3,13.31
Centro,Aceite (Litro),46.23,5.88,0.55,10.17
Occidente,Aceite (Litro),49.01,4.33,0.16,22.34
Norte,Huevo (Kg),55.91,5.91,-1.03,18.39
Centro,Tortilla (Kg),41.96,5.34,0.32,13.96
Sur,Leche (Litro),54.84,5.64,4.72,14.76
Norte,Frijol (Kg),55.9,4.26,-0.17,9.09
Norte,Huevo (Kg),47.29,4.48,-0.43,17.54
Norte,Leche (Litro),35.27,5.68,0.56,12.17
Norte,Huevo (Kg),44.35,4.44,0.49,24.91
Occidente,Huevo (Kg),55.78,5.57,1.87,14.6
Sur,Frijol (Kg),47.86,4.11,-0.72,14.72
Centro,Frijol (Kg),42.0,5.88,1.06,16.32
Occidente,Frijol (Kg),44.97,4.21,0.85,23.34
Sur,Huevo (Kg),53.04,5.64,0.01,21.02
Norte,Aceite (Litro),51.28,5.7,0.52,14.02
Occidente,Tortilla (Kg),46.57,4.64,1.56,19.37
Centro,Huevo (Kg),45.8,5.67,1.28,16.72
Sur,Aceite (Litro),45.65,5.41,-0.67,14.85
Occidente,Aceite (Litro),42.47,4.77,1.2,8.85
Centro,Aceite (Litro),57.69,4.39,0.09,14.28
Norte,Leche (Litro),46.07,3.63,0.22,9.92
Norte,Frijol (Kg),55.3,5.48,0.22,23.3
Centro,Frijol (Kg),57.13,3.95,0.01,11.71
Sur,Huevo (Kg),53.99,5.28,1.87,24.05
Occidente,Tortilla (Kg),45.41,4.99,0.07,15.66
Norte,Tortilla (Kg),50.42,5.74,-0.66,17.63
Centro,Tortilla (Kg),47.85,4.96,-0.2,15.86
Centro,Leche (Litro),42.58,4.94,0.34,7.59
Norte,Tortilla (Kg),49.95,5.79,1.95,12.52
Norte,Huevo (Kg),40.93,5.47,0.87,6.98
Centro,Huevo (Kg),55.13,5.45,-0.51,17.46
Occidente,Frijol (Kg),45.21,5.58,5.82,13.94
Centro,Huevo (Kg),49.21,3.97,0.43,20.56
Centro,Aceite (Litro),49.7,5.81,2.04,9.41
Sur,Tortilla (Kg),46.45,5.69,0.01,8.29
Centro,Tortilla (Kg),51.52,4.39,0.77,13.13
Occidente,Frijol (Kg),45.15,5.0,1.23,23.53
Occidente,Leche (Litro),53.23,5.17,1.92,19.21
Norte,Tortilla (Kg),39.92,5.09,1.61,13.38
Centro,Frijol (Kg),48.76,5.47,1.28,15.35
Centro,Frijol (Kg),59.63,6.35,-0.14,6.68
Norte,Tortilla (Kg),42.0,6.07,-0.33,24.69
Norte,Aceite (Litro),43.93,4.15,0.51,18.33
Centro,Leche (Litro),51.08,5.7,1.39,10.71
Centro,Frijol (Kg),49.08,6.26,-0.06,16.72
Norte,Aceite (Litro),50.1,5.51,1.62,7.19
Norte,Aceite (Litro),50.94,6.07,2.44,24.32
Occidente,Leche (Litro),51.81,6.81,-0.55,8.5
Norte,Leche (Litro),54.66,6.02,-0.5,17.96
Norte,Frijol (Kg),50.46,5.4,0.02,9.91
Centro,Frijol (Kg),46.55,6.04,0.48,19.35
Occidente,Frijol (Kg),52.04,5.32,-0.3,20.54
Norte,Leche (Litro),59.4,5.22,2.21,18.47
Sur,Huevo (Kg),47.2,4.92,0.63,17.29
Sur,Aceite (Litro),42.15,6.45,0.19,22.85
Norte,Aceite (Litro),54.64,4.55,-0.8,6.57
Sur,Huevo (Kg),47.28,6.43,-0.75,11.62
Centro,Leche (Litro),34.96,5.6,0.45,9.97
Centro,Huevo (Kg),53.08,4.08,-1.04,24.76
Centro,Tortilla (Kg),44.79,5.49,1.53,12.79
Centro,Leche (Litro),47.46,3.52,-0.0,19.65
Norte,Huevo (Kg),49.99,5.7,10.04,18.69
Sur,Leche (Litro),49.14,5.91,5.08,9.24
Centro,Leche (Litro),52.26,4.73,-0.02,9.78
Norte,Frijol (Kg),45.39,5.3,0.05,10.63
Norte,Huevo (Kg),51.08,6.76,1.5,13.22
Centro,Tortilla (Kg),46.44,4.8,3.08,9.69
Sur,Frijol (Kg),52.43,4.35,-0.88,5.39
Norte,Aceite (Litro),51.69,6.39,-0.94,22.59
Centro,Frijol (Kg),42.39,6.77,-0.36,24.31
Norte,Tortilla (Kg),54.52,5.2,0.84,11.83
Centro,Frijol (Kg),44.78,6.01,0.72,11.77
Norte,Frijol (Kg),52.85,6.27,1.63,5.14
Sur,Leche (Litro),50.2,4.61,-0.7,18.61
Centro,Huevo (Kg),59.03,4.81,-1.09,21.51
Occidente,Leche (Litro),46.66,6.18,1.26,7.93
Norte,Frijol (Kg),45.9,6.55,-0.5,8.19
Centro,Aceite (Litro),47.88,5.65,-1.01,20.8
Norte,Tortilla (Kg),46.18,4.5,0.3,17.33
Occidente,Frijol (Kg),52.8,6.79,1.15,5.9
Occidente,Aceite (Litro),38.3,4.78,0.03,17.45
Norte,Huevo (Kg),41.68,4.93,-0.25,11.18
Sur,Aceite (Litro),41.59,5.47,-0.0,12.37
Sur,Frijol (Kg),53.7,6.44,-0.18,20.39
Centro,Huevo (Kg),58.26,5.88,-0.77,21.22
Centro,Tortilla (Kg),47.37,5.53,-0.43,13.01
Norte,Leche (Litro),46.99,5.57,0.75,23.94
Norte,Huevo (Kg),48.42,5.23,0.5,13.13
Occidente,Frijol (Kg),54.97,5.65,0.32,20.44
Occidente,Tortilla (Kg),42.44,3.18,-0.59,14.68
Centro,Frijol (Kg),49.43,4.96,-0.02,22.95
Centro,Huevo (Kg),53.85,5.39,-1.05,23.16
Centro,Aceite (Litro),51.01,4.28,0.34,6.75
Sur,Aceite (Litro),49.14,5.51,2.39,23.73
Occidente,Aceite (Litro),54.01,5.04,-0.82,21.51
Occidente,Leche (Litro),31.78,6.6,-0.34,20.83
Sur,Huevo (Kg),52.07,6.46,0.51,9.02
Centro,Leche (Litro),44.08,4.83,2.0,21.1
Norte,Huevo (Kg),37.02,5.08,-0.24,22.0
Norte,Huevo (Kg),51.07,5.14,-0.41,10.78
Occidente,Tortilla (Kg),56.24,4.84,-0.99,24.05
Centro,Tortilla (Kg),47.18,5.36,0.25,6.0
Norte,Leche (Litro),53.72,4.59,4.11,8.0
Norte,Frijol (Kg),57.67,4.3,0.45,15.75
Sur,Tortilla (Kg),55.89,5.7,0.13,16.52
Norte,Tortilla (Kg),57.84,5.7,0.5,17.9
Norte,Aceite (Litro),52.45,4.56,0.14,5.34
Centro,Tortilla (Kg),48.45,5.92,-0.49,24.21
Sur,Tortilla (Kg),38.39,4.69,1.2,5.89
Sur,Huevo (Kg),46.52,5.4,0.39,7.86
Norte,Leche (Litro),42.94,5.86,0.17,5.28
Sur,Frijol (Kg),61.03,5.17,-0.58,16.34
Norte,Huevo (Kg),46.94,5.56,2.1,23.65
Centro,Huevo (Kg),48.74,4.79,0.96,18.32
Sur,Frijol (Kg),51.31,5.04,-0.32,21.45
Centro,Frijol (Kg),48.26,5.04,1.51,5.27
Sur,Tortilla (Kg),58.17,4.6,-0.28,15.84
Sur,Aceite (Litro),44.26,5.06,-0.47,14.19
Centro,Huevo (Kg),49.17,3.96,-0.45,14.98
Norte,Tortilla (Kg),43.55,4.81,-0.93,6.44
Centro,Aceite (Litro),40.08,4.97,0.69,18.69
Norte,Tortilla (Kg),44.33,5.0,-0.95,15.06
Norte,Frijol (Kg),47.78,5.01,-0.71,20.3
Occidente,Tortilla (Kg),45.42,5.15,-1.03,14.71
Centro,Tortilla (Kg),43.85,5.58,0.07,7.99
Occidente,Aceite (Litro),39.56,5.9,0.01,17.97
Centro,Tortilla (Kg),47.5,4.68,-0.14,8.45
Sur,Aceite (Litro),38.97,4.24,-0.62,22.45
Centro,Huevo (Kg),52.56,4.37,-0.68,17.26
Centro,Huevo (Kg),48.49,4.81,0.68,8.14
Centro,Huevo (Kg),39.25,4.92,-0.32,24.25
Norte,Frijol (Kg),46.14,4.58,0.49,15.37
Sur,Tortilla (Kg),43.49,4.16,-0.53,6.46
Norte,Aceite (Litro),49.92,4.84,0.34,17.54
Norte,Tortilla (Kg),56.04,5.35,2.1,10.06
Centro,Aceite (Litro),36.75,5.68,0.84,21.07
Norte,Huevo (Kg),48.69,4.75,-0.21,21.36
Occidente,Aceite (Litro),47.04,4.87,0.42,24.58
Occidente,Leche (Litro),52.03,4.46,-0.07,15.04
Occidente,Leche (Litro),49.28,5.17,0.16,14.1
Centro,Leche (Litro),43.49,4.52,-0.14,20.07
Norte,Leche (Litro),46.09,5.66,-0.01,7.65
Occidente,Frijol (Kg),43.22,3.77,0.37,15.94
Centro,Huevo (Kg),54.46,4.91,-0.59,15.92
Occidente,Huevo (Kg),48.13,5.44,-0.6,6.79
Occidente,Aceite (Litro),59.41,5.35,-0.78,13.36
Occidente,Frijol (Kg),47.64,7.35,-0.87,22.07
Norte,Leche (Litro),43.75,5.48,-0.71,22.12
Centro,Tortilla (Kg),38.92,4.4,0.31,6.98
Occidente,Huevo (Kg),37.18,5.12,-0.54,6.81
Centro,Huevo (Kg),38.5,3.78,0.74,10.25
Norte,Frijol (Kg),49.6,5.14,0.18,22.5
Centro,Tortilla (Kg),51.05,4.53,-0.99,7.58
Occidente,Huevo (Kg),38.51,5.93,0.94,19.4
Sur,Tortilla (Kg),53.37,4.76,1.18,7.02
Centro,Huevo (Kg),45.1,5.11,-0.59,17.46
Norte,Frijol (Kg),48.88,4.69,0.62,12.12
Centro,Tortilla (Kg),57.67,6.59,-0.51,20.78
Occidente,Leche (Litro),53.38,4.94,0.25,9.67
Norte,Tortilla (Kg),46.39,6.67,-0.73,17.78
Centro,Tortilla (Kg),42.65,5.85,-0.94,9.71
Occidente,Huevo (Kg),35.09,5.59,-0.19,19.27
Sur,Huevo (Kg),43.69,5.49,0.03,22.47
Sur,Tortilla (Kg),46.73,5.52,-0.2,7.54
Sur,Tortilla (Kg),42.08,3.66,-0.69,22.33
Centro,Frijol (Kg),47.21,4.98,-0.2,16.87
Norte,Tortilla (Kg),48.46,5.88,0.44,7.54
Sur,Frijol (Kg),46.65,5.16,0.1,13.55
Sur,Aceite (Litro),44.1,4.08,0.34,8.22
Occidente,Leche (Litro),49.01,5.16,-0.4,19.01
Occidente,Huevo (Kg),50.65,6.56,1.83,20.18
Centro,Tortilla (Kg),41.46,6.2,-0.69,7.12
Centro,Huevo (Kg),56.47,5.15,0.71,15.12
Sur,Huevo (Kg),47.41,5.96,1.85,21.29
Centro,Aceite (Litro),48.11,4.91,0.7,23.72
Sur,Huevo (Kg),52.25,3.84,-0.04,15.27
Sur,Tortilla (Kg),49.4,4.46,-0.3,24.01
Occidente,Frijol (Kg),53.72,6.45,1.57,15.71
Centro,Leche (Litro),49.72,4.98,-0.8,12.88
Centro,Frijol (Kg),44.33,5.01,-0.58,21.96
Norte,Huevo (Kg),50.17,4.96,-0.2,14.86
Centro,Tortilla (Kg),41.14,6.72,1.96,14.44
Norte,Frijol (Kg),48.65,6.5,0.57,14.81
Centro,Huevo (Kg),47.8,6.98,-0.58,21.94
Centro,Tortilla (Kg),46.75,5.07,-0.13,21.64
Norte,Huevo (Kg),47.23,5.44,-0.36,13.07
Centro,Huevo (Kg),36.71,3.99,-0.42,11.67
Norte,Tortilla (Kg),44.71,6.38,1.47,14.84
Norte,Huevo (Kg),48.56,4.27,-0.78,16.46
Sur,Frijol (Kg),48.96,5.37,2.83,9.77
Centro,Frijol (Kg),41.83,4.32,1.21,20.88
Norte,Leche (Litro),55.59,4.73,1.67,14.73
Centro,Huevo (Kg),42.8,4.53,-0.25,11.68
Sur,Huevo (Kg),53.82,4.71,0.01,7.14
Norte,Huevo (Kg),50.56,4.77,-0.8,9.78
Centro,Frijol (Kg),44.12,4.76,-0.3,23.99
Norte,Leche (Litro),58.65,5.87,0.72,11.1
Norte,Huevo (Kg),40.84,4.32,2.09,8.38
Centro,Aceite (Litro),53.51,5.38,-0.65,14.21
Centro,Huevo (Kg),54.0,6.17,-0.18,11.14
Centro,Frijol (Kg),43.98,4.79,0.01,5.7
Sur,Leche (Litro),56.35,4.63,-0.79,11.46
Occidente,Aceite (Litro),46.5,5.02,0.85,15.88
Centro,Leche (Litro),49.73,6.14,-0.43,16.03
Centro,Leche (Litro),49.56,5.36,-0.03,12.13
Sur,Tortilla (Kg),47.19,4.78,-0.24,13.95
Norte,Leche (Litro),52.86,5.59,-0.47,24.31
Centro,Huevo (Kg),52.76,4.32,0.14,12.55
Norte,Aceite (Litro),37.51,5.75,-0.05,10.16
Norte,Frijol (Kg),55.83,5.53,-0.18,9.87
Occidente,Leche (Litro),38.03,4.95,-0.44,14.16
Sur,Tortilla (Kg),54.2,4.53,0.5,20.19
Sur,Frijol (Kg),54.76,4.49,2.95,9.12
Centro,Frijol (Kg),41.45,5.63,0.29,19.19
Norte,Leche (Litro),45.54,6.18,1.5,5.42
Norte,Huevo (Kg),41.37,4.69,-0.78,13.38
Norte,Huevo (Kg),46.71,5.57,0.31,20.52
Centro,Huevo (Kg),46.15,3.53,-0.65,11.77
Sur,Huevo (Kg),52.68,4.73,-0.82,16.27
Sur,Aceite (Litro),55.86,5.18,-0.44,9.1
Norte,Huevo (Kg),56.37,4.47,1.87,19.84
Occidente,Aceite (Litro),44.63,4.45,1.42,6.05
Sur,Tortilla (Kg),46.74,4.67,0.41,22.05
Centro,Huevo (Kg),37.9,5.43,-0.84,8.96
Centro,Leche (Litro),43.16,5.05,-0.03,22.49
Centro,Frijol (Kg),53.79,3.41,0.48,12.05
Norte,Tortilla (Kg),57.69,3.5,0.33,19.45
Centro,Frijol (Kg),40.59,4.71,-0.95,11.38
Sur,Leche (Litro),44.45,5.57,-0.53,23.12
Norte,Huevo (Kg),47.84,3.0,0.09,7.53
Norte,Aceite (Litro),49.68,4.8,0.77,8.57
Norte,Aceite (Litro),43.14,4.78,-1.06,14.86
Norte,Frijol (Kg),50.54,6.31,-0.0,6.64
Occidente,Huevo (Kg),45.16,4.89,0.3,8.92
Sur,Frijol (Kg),47.91,5.51,1.24,23.88
Centro,Huevo (Kg),51.28,5.31,1.0,24.53
Norte,Huevo (Kg),48.04,3.5,0.84,12.53
Centro,Tortilla (Kg),45.38,5.81,-0.48,23.47
Centro,Tortilla (Kg),47.34,5.37,-0.98,15.9
Norte,Aceite (Litro),47.47,5.61,-0.2,10.39
Centro,Leche (Litro),45.78,8.34,1.51,19.05
Centro,Leche (Litro),46.45,3.53,2.3,18.18
Centro,Tortilla (Kg),57.59,6.58,1.03,24.78
Centro,Tortilla (Kg),51.37,4.97,0.63,10.3
Norte,Tortilla (Kg),46.23,5.43,0.57,18.44
Centro,Aceite (Litro),52.18,5.16,-0.32,6.04
Centro,Huevo (Kg),46.0,4.86,0.02,7.27
Centro,Aceite (Litro),55.04,4.74,2.99,5.08
Occidente,Frijol (Kg),50.22,5.46,-0.56,24.99
Sur,Tortilla (Kg),47.36,3.99,2.84,21.05
Norte,Leche (Litro),50.69,5.8,-0.14,20.73
Norte,Tortilla (Kg),38.57,4.87,2.15,15.19
Centro,Aceite (Litro),41.24,4.3,-0.79,11.0
Norte,Aceite (Litro),40.84,4.84,0.84,8.03
Centro,Tortilla (Kg),48.86,6.21,-0.44,10.69
Occidente,Tortilla (Kg),58.4,4.77,-0.79,12.52
Centro,Frijol (Kg),61.39,5.49,0.38,20.13
Centro,Aceite (Litro),51.83,4.62,1.52,15.79
Centro,Huevo (Kg),51.01,5.81,-0.51,6.55
Centro,Frijol (Kg),37.19,5.75,-0.83,5.36
Centro,Frijol (Kg),44.74,6.68,0.06,7.05
Occidente,Leche (Litro),43.27,5.06,0.06,13.21
Centro,Huevo (Kg),44.27,5.73,0.79,23.66
Occidente,Leche (Litro),46.99,5.28,1.41,17.75
Occidente,Aceite (Litro),45.17,6.24,0.09,21.04
Norte,Huevo (Kg),36.12,4.62,3.52,14.33
Norte,Huevo (Kg),52.49,5.8,0.39,12.23
Norte,Aceite (Litro),41.56,5.04,-0.16,7.17
Norte,Huevo (Kg),49.44,5.15,-0.87,22.52
Norte,Aceite (Litro),60.44,5.27,-0.09,20.66
Sur,Tortilla (Kg),42.48,5.4,-0.15,8.36
Norte,Huevo (Kg),32.82,5.11,1.43,15.25
Centro,Aceite (Litro),46.28,5.37,0.68,14.75
Sur,Tortilla (Kg),54.61,6.46,-0.69,17.5
Norte,Frijol (Kg),59.75,5.99,0.33,23.92
Sur,Tortilla (Kg),40.62,5.9,0.97,16.6
Norte,Frijol (Kg),50.98,4.84,2.62,15.8
Norte,Huevo (Kg),45.21,4.49,1.31,6.01
Sur,Tortilla (Kg),47.36,5.96,1.1,6.26
Centro,Aceite (Litro),63.87,5.9,0.21,8.75
Occidente,Tortilla (Kg),38.98,6.38,0.58,5.65
Sur,Frijol (Kg),49.52,4.72,1.99,19.87
Sur,Tortilla (Kg),50.81,5.02,-0.76,19.47
Norte,Leche (Litro),54.51,3.89,-0.16,7.72
Norte,Huevo (Kg),48.59,4.89,-0.46,21.72
Sur,Aceite (Litro),49.85,6.0,0.57,8.1
Sur,Tortilla (Kg),45.65,4.83,1.95,11.02
Occidente,Huevo (Kg),49.61,5.71,-0.35,9.98
Centro,Huevo (Kg),45.94,5.05,-1.11,12.45
Centro,Huevo (Kg),51.73,5.46,-0.21,10.09
Sur,Frijol (Kg),45.78,4.28,1.35,14.78
Centro,Tortilla (Kg),50.26,5.27,0.78,13.15
Occidente,Leche (Litro),47.82,2.81,0.63,24.73
Occidente,Tortilla (Kg),54.76,5.05,-0.11,6.12
Centro,Huevo (Kg),47.69,3.9,-0.73,7.84
Sur,Frijol (Kg),37.36,6.16,0.75,6.06
Sur,Leche (Litro),55.57,5.82,-0.5,17.52
Norte,Huevo (Kg),42.57,5.57,4.61,6.09
Occidente,Huevo (Kg),44.08,6.42,0.82,21.73
Centro,Huevo (Kg),44.43,4.44,-0.34,15.24
Sur,Leche (Litro),56.25,6.6,-0.36,15.54
Centro,Frijol (Kg),35.19,5.95,0.06,16.23
Occidente,Tortilla (Kg),66.83,5.01,-0.07,8.42
Centro,Leche (Litro),54.34,6.11,1.72,8.95
Norte,Leche (Litro),49.34,4.31,0.34,11.38
Occidente,Frijol (Kg),47.67,4.54,-0.44,16.87
Norte,Aceite (Litro),49.71,4.71,3.63,9.2
Centro,Huevo (Kg),51.13,4.78,0.2,7.33
Occidente,Huevo (Kg),51.87,4.35,1.12,24.4
Occidente,Tortilla (Kg),51.33,6.18,-0.36,5.44
Centro,Huevo (Kg),48.54,4.99,0.55,21.05
Centro,Frijol (Kg),46.82,5.48,0.49,20.76
Centro,Aceite (Litro),47.09,4.74,-0.97,10.94
Norte,Huevo (Kg),46.83,3.74,4.02,7.71
Centro,Huevo (Kg),54.8,5.42,2.08,7.91
Sur,Tortilla (Kg),51.56,3.67,-0.2,18.95
Sur,Aceite (Litro),30.36,5.15,-0.65,17.86
Sur,Tortilla (Kg),51.94,4.11,0.53,20.65
Sur,Frijol (Kg),49.17,6.79,0.24,23.75
Norte,Huevo (Kg),47.89,5.93,0.54,18.84
Centro,Huevo (Kg),45.67,5.28,0.35,8.12
Norte,Aceite (Litro),54.74,6.21,0.73,9.87
Centro,Aceite (Litro),53.69,4.52,2.43,21.84
Centro,Huevo (Kg),43.36,5.63,0.82,9.19
Occidente,Aceite (Litro),50.44,5.36,-0.62,6.45
Centro,Frijol (Kg),42.17,5.41,2.23,19.07
Norte,Aceite (Litro),39.72,6.22,2.91,13.05
Norte,Tortilla (Kg),44.24,5.79,9.43,23.4
Sur,Frijol (Kg),53.17,5.43,-0.66,18.01
Centro,Tortilla (Kg),53.72,3.88,0.41,6.81
Norte,Frijol (Kg),51.08,4.43,-1.03,23.96
Norte,Huevo (Kg),52.35,5.1,0.8,10.17
Sur,Huevo (Kg),51.1,5.27,-0.31,11.74
Norte,Tortilla (Kg),44.15,4.3,3.73,13.05
Sur,Leche (Litro),50.59,7.13,-0.46,6.02
Sur,Huevo (Kg),52.8,6.41,-0.9,14.93
Norte,Frijol (Kg),52.53,5.68,-0.26,7.47
Norte,Aceite (Litro),55.13,5.26,-1.0,13.02
Occidente,Huevo (Kg),52.25,5.03,1.09,12.01
Centro,Frijol (Kg),50.11,4.44,-1.02,20.46
Centro,Tortilla (Kg),54.42,5.26,0.18,21.06
Sur,Aceite (Litro),47.84,5.41,-1.03,8.07
Occidente,Huevo (Kg),42.71,4.21,-0.14,12.33
Occidente,Frijol (Kg),47.02,5.47,2.92,12.47
Sur,Leche (Litro),43.53,5.08,0.55,8.03
Centro,Aceite (Litro),43.95,3.67,-0.52,20.97
Norte,Frijol (Kg),47.13,4.51,0.12,19.14
Sur,Tortilla (Kg),5.0,4.87,0.17,8.81
Centro,Frijol (Kg),46.15,6.71,0.69,12.33
Centro,Aceite (Litro),36.64,5.65,-0.77,7.12
Occidente,Frijol (Kg),49.28,4.13,0.85,17.56
Norte,Huevo (Kg),48.01,5.59,-1.17,7.43
Centro,Aceite (Litro),43.1,3.96,-0.37,24.72
Norte,Frijol (Kg),51.96,6.07,-0.27,20.61
Centro,Frijol (Kg),53.63,4.82,0.91,12.8
Norte,Huevo (Kg),38.35,5.13,0.17,16.57
Norte,Frijol (Kg),43.42,6.26,-0.79,23.23
Norte,Tortilla (Kg),43.39,4.17,-0.59,16.08
Centro,Frijol (Kg),42.36,4.08,0.36,8.49
Sur,Huevo (Kg),52.98,4.73,0.07,12.57
Centro,Frijol (Kg),46.84,6.03,-0.34,21.86
Occidente,Aceite (Litro),46.41,3.98,-0.26,17.88
Centro,Huevo (Kg),35.98,2.93,1.0,18.01
Norte,Aceite (Litro),51.81,4.84,-0.29,22.34
Occidente,Tortilla (Kg),40.56,5.64,0.06,22.88
Norte,Aceite (Litro),48.36,6.16,4.56,23.4
Occidente,Leche (Litro),49.66,4.83,-0.8,6.9
Norte,Frijol (Kg),56.16,4.87,-0.96,15.88
Occidente,Leche (Litro),40.15,6.12,1.14,19.81
Norte,Aceite (Litro),29.88,3.7,-0.4,20.14
Occidente,Tortilla (Kg),49.1,4.89,-0.14,17.13
Centro,Tortilla (Kg),58.8,5.35,-0.47,8.34
Occidente,Frijol (Kg),55.43,5.56,-0.09,20.95
Norte,Leche (Litro),49.26,4.79,2.8,19.4
Centro,Leche (Litro),45.05,5.23,1.17,6.72
Occidente,Leche (Litro),52.84,3.21,1.27,14.28
Centro,Tortilla (Kg),42.16,4.67,-0.8,8.48
Centro,Leche (Litro),50.86,5.56,-0.67,11.75
Sur,Huevo (Kg),51.03,4.41,-1.2,5.36
Centro,Frijol (Kg),54.36,5.25,-0.49,13.01
Centro,Huevo (Kg),64.56,5.56,1.43,16.0
Centro,Tortilla (Kg),50.35,4.93,0.75,17.39
Occidente,Tortilla (Kg),44.95,5.34,-0.06,18.27
Norte,Tortilla (Kg),47.85,4.43,0.13,21.73
Norte,Frijol (Kg),37.39,5.03,-0.41,9.31
Occidente,Tortilla (Kg),43.83,5.69,0.36,7.41
Occidente,Tortilla (Kg),45.54,5.33,1.11,22.03
Centro,Huevo (Kg),44.86,4.73,-0.87,8.13
Centro,Tortilla (Kg),48.91,5.38,0.47,24.5
Norte,Huevo (Kg),43.07,5.77,1.38,21.85
Norte,Huevo (Kg),54.73,3.56,-0.21,15.02
Centro,Frijol (Kg),48.0,6.13,1.01,24.63
Centro,Frijol (Kg),47.94,4.93,7.42,6.95
Centro,Frijol (Kg),46.03,5.54,0.05,11.06
Norte,Tortilla (Kg),48.93,6.16,0.59,17.76
Occidente,Tortilla (Kg),52.95,4.1,-0.44,12.0
Occidente,Aceite (Litro),42.8,4.63,0.34,23.57
Sur,Frijol (Kg),44.05,4.97,0.67,6.31
Centro,Tortilla (Kg),46.18,4.57,0.35,15.99
Centro,Huevo (Kg),39.92,6.59,-0.61,16.82
Sur,Tortilla (Kg),43.08,4.51,0.37,18.05
Sur,Tortilla (Kg),45.14,4.76,2.46,10.11
Norte,Tortilla (Kg),53.25,5.36,0.66,12.29
Occidente,Frijol (Kg),49.58,4.24,1.44,21.87
Sur,Frijol (Kg),49.16,4.88,-0.07,8.9
Occidente,Frijol (Kg),53.11,5.45,1.09,21.54
Sur,Leche (Litro),47.18,4.93,0.45,16.25
Centro,Leche (Litro),50.34,5.13,-0.57,20.24
Centro,Leche (Litro),47.38,4.78,0.5,19.27
Occidente,Aceite (Litro),49.59,3.99,-0.59,9.15
Occidente,Huevo (Kg),44.5,5.46,-0.37,16.38
Norte,Huevo (Kg),33.37,6.6,0.35,22.35
Norte,Huevo (Kg),47.19,5.21,0.47,13.64
Centro,Frijol (Kg),56.54,5.38,-0.69,24.33
Sur,Aceite (Litro),53.56,5.75,1.6,14.04
Occidente,Huevo (Kg),53.79,4.18,0.82,7.86
Norte,Aceite (Litro),55.42,6.56,-0.42,12.79
Centro,Huevo (Kg),48.53,5.36,-0.84,24.03
Centro,Aceite (Litro),49.18,6.51,0.01,11.39
Occidente,Tortilla (Kg),44.29,4.61,-0.24,22.36
Sur,Huevo (Kg),46.1,6.65,0.26,22.63
Sur,Tortilla (Kg),51.69,5.82,-0.17,12.0
Centro,Tortilla (Kg),55.22,5.64,-1.01,6.67
Centro,Tortilla (Kg),47.16,5.39,-0.19,19.49
Norte,Tortilla (Kg),45.3,5.0,-0.13,11.23
Norte,Leche (Litro),48.0,6.16,0.91,20.66
Occidente,Frijol (Kg),51.61,5.31,-0.42,13.85
Sur,Tortilla (Kg),39.34,3.63,3.01,14.71
Occidente,Frijol (Kg),34.22,4.31,-0.98,20.56
Occidente,Leche (Litro),44.7,5.05,2.12,12.65
Centro,Tortilla (Kg),40.68,5.45,-0.06,13.86
Sur,Tortilla (Kg),44.95,5.15,1.26,12.52
Occidente,Huevo (Kg),47.11,6.18,0.23,12.35
Sur,Huevo (Kg),45.28,3.64,1.77,15.52
Norte,Frijol (Kg),56.71,5.31,-0.19,21.18
Centro,Huevo (Kg),49.96,3.75,-0.65,12.24
Norte,Frijol (Kg),49.8,5.81,2.37,15.49
Occidente,Leche (Litro),51.73,5.12,0.04,18.41
Centro,Huevo (Kg),41.17,5.54,0.38,10.39
Norte,Frijol (Kg),54.23,4.51,1.96,10.55
Sur,Tortilla (Kg),47.55,6.22,-0.61,23.67
Centro,Aceite (Litro),52.02,6.03,0.86,19.47
Centro,Tortilla (Kg),41.57,5.67,-0.34,16.54
Norte,Leche (Litro),38.68,5.1,0.02,17.95
Sur,Frijol (Kg),52.91,5.66,0.22,5.59
Centro,Huevo (Kg),50.26,4.63,-0.83,17.36
Sur,Frijol (Kg),42.59,5.88,-0.47,15.19
Centro,Aceite (Litro),42.78,6.52,2.21,15.91
Occidente,Frijol (Kg),54.75,6.06,1.31,12.19
Centro,Leche (Litro),40.86,4.62,0.09,6.63
Centro,Aceite (Litro),57.86,5.49,0.41,8.87
Occidente,Huevo (Kg),42.6,4.17,-0.12,24.01
Centro,Huevo (Kg),51.83,5.66,2.22,13.17
Norte,Frijol (Kg),46.03,5.56,-0.04,14.33
Norte,Tortilla (Kg),51.62,3.7,0.39,6.05
Sur,Leche (Litro),44.74,4.27,1.78,5.75
Centro,Aceite (Litro),47.02,4.97,-0.47,19.34
Sur,Tortilla (Kg),48.25,4.96,2.7,15.76
Norte,Huevo (Kg),41.99,4.23,-0.84,15.17
Norte,Leche (Litro),52.44,5.51,2.88,9.86
Norte,Tortilla (Kg),44.92,5.4,-0.18,19.9
Centro,Leche (Litro),46.63,5.04,-0.07,8.36
Centro,Tortilla (Kg),42.03,4.6,-0.97,8.8
Centro,Frijol (Kg),32.63,6.04,-0.25,14.21
Centro,Huevo (Kg),46.85,6.52,-0.62,10.73
Occidente,Frijol (Kg),62.48,4.81,-0.35,9.95
Centro,Tortilla (Kg),52.71,4.71,0.02,17.9
Centro,Frijol (Kg),47.88,5.59,1.43,18.02
Sur,Huevo (Kg),46.42,4.91,0.37,21.49
Centro,Leche (Litro),48.13,5.09,0.48,13.35
Centro,Aceite (Litro),51.28,5.79,-0.65,6.46
Occidente,Huevo (Kg),40.92,3.67,-0.53,10.47
Occidente,Huevo (Kg),54.69,6.25,3.35,24.6
Norte,Huevo (Kg),52.29,5.26,-0.44,16.93
Occidente,Frijol (Kg),52.31,4.87,2.95,19.19
Centro,Frijol (Kg),50.63,5.13,-0.08,5.15
Norte,Frijol (Kg),48.12,5.17,0.15,15.36
Centro,Huevo (Kg),52.04,3.82,1.63,5.75
Occidente,Tortilla (Kg),51.55,6.4,2.04,16.38
Centro,Frijol (Kg),45.88,5.23,0.04,23.42
Centro,Tortilla (Kg),44.56,5.55,-0.19,24.37
Centro,Aceite (Litro),48.61,5.96,0.09,15.81
Norte,Huevo (Kg),57.29,4.38,0.52,14.16
Norte,Frijol (Kg),40.57,5.58,1.31,23.9
Norte,Tortilla (Kg),39.19,4.99,0.15,18.47
Norte,Tortilla (Kg),48.99,5.88,0.89,6.3
Norte,Leche (Litro),48.31,3.5,2.91,14.31
Norte,Frijol (Kg),49.04,5.12,0.57,9.8
Centro,Aceite (Litro),49.46,4.72,0.49,14.4
Norte,Huevo (Kg),46.66,5.55,-0.84,14.11
Centro,Huevo (Kg),56.94,5.58,-1.16,16.64
Occidente,Leche (Litro),38.39,4.63,0.58,12.14
Centro,Frijol (Kg),43.03,4.63,0.06,8.29
Sur,Tortilla (Kg),47.38,5.11,-0.29,15.07
Norte,Huevo (Kg),38.14,4.48,0.41,21.6
Norte,Huevo (Kg),46.94,5.87,0.09,18.28
Norte,Aceite (Litro),57.97,4.9,1.74,11.77
Norte,Huevo (Kg),48.13,2.87,0.24,23.71
Norte,Tortilla (Kg),49.38,4.9,-0.45,23.24
Norte,Huevo (Kg),40.44,4.37,1.49,9.19
Norte,Tortilla (Kg),44.3,3.89,-0.05,5.79
Norte,Huevo (Kg),45.75,4.21,0.76,19.83
Centro,Frijol (Kg),46.09,5.29,-0.26,21.55
Norte,Huevo (Kg),55.69,6.26,-0.38,24.36
Centro,Leche (Litro),51.35,5.45,0.23,22.8
Centro,Huevo (Kg),41.33,4.71,0.16,17.01
Sur,Frijol (Kg),49.48,5.56,0.7,15.6
Norte,Aceite (Litro),50.99,4.83,-0.1,5.56
Sur,Frijol (Kg),54.84,4.64,-0.95,9.93
Centro,Frijol (Kg),57.48,4.28,-0.23,14.19
Norte,Tortilla (Kg),41.91,3.8,1.15,17.57
Occidente,Tortilla (Kg),43.13,4.89,-0.12,16.15
Occidente,Frijol (Kg),40.45,5.33,-0.08,19.85
Norte,Aceite (Litro),46.6,5.12,1.48,10.6
Norte,Frijol (Kg),50.8,4.87,-0.42,16.3
Sur,Frijol (Kg),53.92,4.44,-0.85,6.76
Sur,Leche (Litro),47.54,5.69,-0.0,13.27
Norte,Tortilla (Kg),46.08,4.15,-0.27,20.0
Norte,Huevo (Kg),48.91,5.82,-0.58,18.87
Centro,Frijol (Kg),42.99,4.4,-0.02,24.81
Centro,Aceite (Litro),60.54,4.6,0.71,10.56
Centro,Huevo (Kg),38.35,4.03,0.14,14.96
Centro,Frijol (Kg),49.11,4.8,0.48,11.59
Centro,Huevo (Kg),60.14,5.98,3.39,13.81
Sur,Frijol (Kg),48.04,5.61,-0.16,22.14
Norte,Huevo (Kg),46.86,5.98,0.45,18.68
Norte,Tortilla (Kg),45.86,5.62,-0.29,22.65
Sur,Leche (Litro),46.92,4.32,-0.51,9.07
Occidente,Tortilla (Kg),56.24,4.94,-0.34,22.47
Centro,Frijol (Kg),34.73,4.58,-0.26,6.2
Centro,Leche (Litro),57.2,6.26,0.55,22.77
Norte,Aceite (Litro),39.46,4.24,5.25,11.58
Centro,Huevo (Kg),46.4,5.91,-0.43,11.29
Centro,Tortilla (Kg),45.42,5.91,-0.22,15.24
Norte,Huevo (Kg),51.53,6.66,0.09,23.81
Norte,Aceite (Litro),38.41,4.87,0.59,5.96
Centro,Aceite (Litro),50.77,5.77,0.43,12.04
Norte,Frijol (Kg),60.15,7.03,2.06,22.13
Centro,Leche (Litro),39.82,4.71,-1.12,12.92
Norte,Frijol (Kg),49.14,3.97,-1.11,8.98
Centro,Frijol (Kg),44.03,3.7,-0.28,13.5
Norte,Huevo (Kg),50.56,5.77,1.68,12.71
Occidente,Leche (Litro),48.11,3.69,-0.86,23.31
Centro,Huevo (Kg),44.15,4.9,-1.23,20.24
Sur,Leche (Litro),50.93,5.55,0.82,15.1
Sur,Leche (Litro),58.83,5.35,0.41,24.77
Centro,Leche (Litro),46.85,5.54,-0.64,14.31
Norte,Huevo (Kg),52.32,5.38,-0.59,6.16
Centro,Tortilla (Kg),40.24,6.22,-0.58,10.25
Centro,Tortilla (Kg),42.26,4.44,0.26,13.72
Sur,Tortilla (Kg),50.83,4.66,-0.37,8.14
Centro,Huevo (Kg),56.9,4.58,0.72,23.95
Norte,Aceite (Litro),50.13,5.86,-1.2,20.34
Norte,Frijol (Kg),46.12,5.92,-0.51,10.37
Centro,Tortilla (Kg),48.0,5.56,-0.66,16.82
Centro,Tortilla (Kg),40.5,6.15,-0.09,19.43
Centro,Tortilla (Kg),51.63,4.26,-0.31,23.83
Centro,Frijol (Kg),53.29,6.53,1.16,22.63
Occidente,Frijol (Kg),45.29,6.42,-0.96,15.3
Centro,Aceite (Litro),45.18,5.79,0.19,20.49
Norte,Tortilla (Kg),49.6,6.63,0.8,16.24
Norte,Aceite (Litro),45.38,3.87,3.52,16.05
Norte,Aceite (Litro),47.6,4.78,-0.27,7.29
Norte,Huevo (Kg),60.6,4.61,0.5,7.52
Norte,Aceite (Litro),46.52,5.78,-0.94,15.59
Norte,Huevo (Kg),45.85,4.36,-1.11,10.38
Norte,Leche (Litro),44.11,5.81,1.24,5.42
Norte,Tortilla (Kg),52.47,6.3,0.14,19.46
Occidente,Aceite (Litro),46.91,5.76,1.84,5.65
Norte,Aceite (Litro),44.1,5.43,-0.78,16.91
Centro,Leche (Litro),55.93,4.41,0.75,15.78
Centro,Leche (Litro),56.52,4.52,3.56,24.38
Occidente,Tortilla (Kg),44.4,6.2,0.62,14.68
Norte,Huevo (Kg),36.8,5.82,0.45,6.27
Centro,Tortilla (Kg),54.05,5.17,0.16,16.03
Occidente,Huevo (Kg),43.89,4.87,-0.86,21.82
Occidente,Frijol (Kg),52.74,3.58,2.22,24.94
Sur,Tortilla (Kg),36.18,4.34,-0.36,13.61
Norte,Aceite (Litro),53.36,6.73,0.73,11.41
Norte,Frijol (Kg),40.73,4.18,-0.85,23.13
Sur,Leche (Litro),52.38,5.35,-0.69,8.82
Occidente,Huevo (Kg),48.09,6.01,2.4,17.31
Centro,Aceite (Litro),42.28,4.2,-0.16,13.11
Centro,Aceite (Litro),45.56,5.35,2.44,5.82
Norte,Tortilla (Kg),52.12,5.95,0.07,11.95
Sur,Frijol (Kg),48.64,5.21,-0.95,10.3
Norte,Leche (Litro),51.51,7.49,1.32,18.72
Centro,Huevo (Kg),59.86,3.87,-0.34,23.98
Centro,Frijol (Kg),38.61,6.05,1.01,10.36
Centro,Tortilla (Kg),57.7,5.06,0.17,21.23
Norte,Huevo (Kg),48.63,5.82,-0.85,6.11
Norte,Tortilla (Kg),42.61,5.55,0.32,15.76
Centro,Huevo (Kg),40.02,4.61,4.66,6.41
Norte,Huevo (Kg),46.87,5.38,0.72,23.68
Centro,Huevo (Kg),53.53,3.71,0.09,20.33
Norte,Aceite (Litro),47.23,5.68,1.64,18.16
Centro,Frijol (Kg),57.07,5.44,0.37,21.48
Centro,Aceite (Litro),39.29,5.71,0.37,17.95
Norte,Tortilla (Kg),47.93,6.05,-0.64,24.38
Centro,Tortilla (Kg),40.49,5.49,0.4,19.28
Norte,Frijol (Kg),50.18,5.32,1.57,23.49
Norte,Tortilla (Kg),53.32,4.5,-0.5,15.34
Occidente,Huevo (Kg),45.48,4.63,2.38,7.34
Centro,Frijol (Kg),32.37,6.15,0.06,15.56
Sur,Huevo (Kg),49.19,6.35,-0.53,7.54
Norte,Frijol (Kg),50.62,5.01,1.5,16.85
Sur,Frijol (Kg),50.43,5.24,-0.11,14.65
Sur,Huevo (Kg),55.41,4.48,1.1,17.45
Centro,Huevo (Kg),41.57,6.14,-0.12,5.2
Centro,Leche (Litro),52.08,5.73,0.09,8.9
Centro,Tortilla (Kg),55.16,6.75,0.72,14.83
Centro,Huevo (Kg),37.33,4.5,0.46,24.01
Occidente,Aceite (Litro),49.92,4.9,-1.0,12.67
Sur,Huevo (Kg),44.97,5.39,-0.66,13.49
Occidente,Frijol (Kg),47.51,5.72,1.38,19.29
Norte,Aceite (Litro),50.09,5.03,0.02,17.08
Sur,Huevo (Kg),45.08,4.5,-0.3,10.98
Occidente,Huevo (Kg),43.95,5.91,-25.0,13.22
Norte,Huevo (Kg),48.2,5.78,-0.64,9.35
Norte,Tortilla (Kg),41.48,4.47,-1.01,24.32
Sur,Huevo (Kg),41.49,6.28,0.05,7.61
Centro,Frijol (Kg),52.08,6.14,-0.35,12.44
Sur,Huevo (Kg),41.11,5.31,-0.58,5.52
Norte,Frijol (Kg),52.0,5.26,0.08,9.44
Sur,Aceite (Litro),50.78,5.64,0.55,20.61
Norte,Leche (Litro),37.65,4.51,4.29,9.02
Norte,Frijol (Kg),43.93,5.22,-0.83,6.6
Norte,Tortilla (Kg),55.16,3.48,1.81,14.49
Sur,Frijol (Kg),42.11,5.9,1.46,5.2
Sur,Frijol (Kg),45.21,3.95,-0.47,6.7
Centro,Tortilla (Kg),50.77,6.4,0.36,21.15
Centro,Huevo (Kg),52.7,4.94,-0.25,20.43
Occidente,Aceite (Litro),46.49,5.03,0.34,23.3
Centro,Tortilla (Kg),44.41,4.7,2.58,22.09
Sur,Huevo (Kg),56.53,4.97,0.87,18.66
Centro,Tortilla (Kg),58.43,6.33,0.74,6.05
Centro,Tortilla (Kg),53.87,3.21,-0.23,20.66
Centro,Leche (Litro),48.51,6.22,-0.82,21.91
Centro,Leche (Litro),43.15,5.47,-0.05,20.98
Sur,Leche (Litro),43.02,4.23,1.9,15.17
Centro,Huevo (Kg),51.14,4.34,-0.84,9.66
Norte,Tortilla (Kg),50.51,6.54,-0.62,21.91
Occidente,Tortilla (Kg),56.41,4.44,0.28,19.54
Centro,Huevo (Kg),51.9,4.28,-0.59,24.62
Centro,Tortilla (Kg),38.98,6.11,-0.48,8.11
Occidente,Leche (Litro),54.31,5.47,-0.22,9.51
Centro,Huevo (Kg),42.01,4.45,-0.77,9.24
Norte,Frijol (Kg),45.7,5.37,-0.58,20.85
Occidente,Huevo (Kg),49.5,4.38,1.01,8.74
Centro,Huevo (Kg),59.97,6.08,-0.75,6.33
Centro,Huevo (Kg),66.66,6.05,-0.87,24.97
Norte,Aceite (Litro),51.64,5.63,-0.37,5.5
Sur,Leche (Litro),46.9,5.49,1.06,21.7
Centro,Aceite (Litro),51.21,6.61,-0.04,12.31
Centro,Tortilla (Kg),53.33,5.2,-0.25,21.83
Occidente,Huevo (Kg),46.08,4.25,0.19,16.09
Sur,Frijol (Kg),58.77,5.56,-0.92,23.03
Norte,Tortilla (Kg),49.38,6.87,0.72,23.52
Centro,Leche (Litro),50.99,4.39,0.58,5.18
Norte,Huevo (Kg),52.0,4.91,-0.21,6.51
Sur,Tortilla (Kg),50.53,5.53,1.51,10.01
Norte,Huevo (Kg),53.03,5.16,-0.66,18.39
Centro,Tortilla (Kg),44.3,4.41,1.74,22.77
Sur,Leche (Litro),44.65,6.1,0.31,14.2
Occidente,Tortilla (Kg),41.4,7.06,-0.15,17.14
Centro,Tortilla (Kg),50.64,5.36,0.13,8.77
Sur,Tortilla (Kg),52.67,4.48,0.05,21.1
Norte,Tortilla (Kg),50.75,3.96,1.93,24.35
Sur,Leche (Litro),58.05,5.41,-0.64,10.37
Norte,Aceite (Litro),47.97,6.08,-0.46,14.9
Centro,Aceite (Litro),52.01,5.58,1.57,6.72
Sur,Leche (Litro),41.45,5.2,-0.35,16.18
Norte,Tortilla (Kg),45.68,4.73,1.33,15.06
Norte,Frijol (Kg),52.17,4.33,3.07,7.89
Sur,Tortilla (Kg),53.09,5.87,-0.2,13.84
Sur,Tortilla (Kg),46.24,5.93,0.98,11.68
Centro,Leche (Litro),47.57,3.96,-0.67,15.44
Sur,Huevo (Kg),38.89,6.47,1.09,16.71
Centro,Aceite (Litro),45.86,5.66,0.36,5.17
Norte,Tortilla (Kg),53.34,6.32,0.69,20.22
Centro,Frijol (Kg),51.45,4.13,-0.38,19.26
Norte,Frijol (Kg),51.0,4.11,-0.89,12.33
Occidente,Aceite (Litro),48.3,5.08,0.73,6.06
Centro,Frijol (Kg),48.04,5.6,-1.02,20.1
Centro,Frijol (Kg),44.04,6.64,-0.14,24.1
Centro,Huevo (Kg),52.19,5.76,1.4,9.8
Occidente,Frijol (Kg),50.53,5.01,0.35,11.47
Norte,Huevo (Kg),50.95,4.38,3.81,8.68
Centro,Leche (Litro),44.84,6.18,1.55,16.54
Centro,Frijol (Kg),35.08,4.43,-0.39,8.1
Centro,Frijol (Kg),54.58,6.5,0.18,12.12
Norte,Huevo (Kg),45.13,4.97,0.1,18.94
Occidente,Huevo (Kg),42.82,6.47,-0.86,16.2
Occidente,Leche (Litro),52.16,5.74,-0.56,12.73
Centro,Huevo (Kg),45.65,5.09,-0.32,13.4
Sur,Huevo (Kg),54.36,4.78,-1.01,16.24
Occidente,Huevo (Kg),51.7,4.93,0.2,5.12
Sur,Aceite (Litro),52.1,5.54,-0.08,6.57
Norte,Leche (Litro),39.8,5.26,-0.9,22.63
Centro,Tortilla (Kg),55.27,4.72,0.6,6.56
Centro,Tortilla (Kg),49.57,5.07,1.03,19.14
Centro,Tortilla (Kg),45.78,5.26,0.39,23.4
Sur,Leche (Litro),48.86,3.5,-0.14,10.41
Occidente,Frijol (Kg),37.34,5.57,0.85,12.41
Occidente,Huevo (Kg),50.45,4.42,0.98,16.38
Centro,Huevo (Kg),41.82,4.28,0.48,22.63
Norte,Huevo (Kg),39.88,3.85,-0.49,23.84
Occidente,Frijol (Kg),38.87,3.76,0.45,19.79
Sur,Leche (Litro),54.68,4.12,1.88,6.73
Norte,Tortilla (Kg),44.22,4.63,-0.35,18.38
Occidente,Huevo (Kg),57.2,6.76,4.31,13.21
Occidente,Huevo (Kg),44.79,4.78,-0.3,14.41
Centro,Aceite (Litro),37.76,5.34,0.18,5.98
Centro,Tortilla (Kg),41.3,5.52,-0.4,8.82
Centro,Leche (Litro),55.41,5.3,0.39,20.81
Norte,Frijol (Kg),47.06,5.14,-0.92,14.08
Centro,Tortilla (Kg),44.71,4.24,-0.31,11.03
Sur,Huevo (Kg),48.96,6.36,-0.64,12.68
Norte,Huevo (Kg),51.01,6.65,0.29,22.09
Centro,Frijol (Kg),54.7,3.85,1.49,19.98
Centro,Leche (Litro),56.69,4.38,0.93,10.45
Centro,Frijol (Kg),45.84,4.98,-1.1,7.35
Occidente,Frijol (Kg),40.04,4.43,4.11,10.04
Centro,Huevo (Kg),45.52,5.6,0.47,23.42
Centro,Aceite (Litro),49.56,4.62,-0.47,16.63
Sur,Leche (Litro),42.22,6.93,0.31,15.67
Centro,Tortilla (Kg),42.26,6.15,0.33,16.93
Norte,Aceite (Litro),50.06,5.37,-0.39,12.32
Centro,Frijol (Kg),47.71,6.02,0.36,21.14
Norte,Frijol (Kg),48.2,6.08,-0.35,15.47
Norte,Leche (Litro),43.45,4.75,-0.21,7.33
Centro,Leche (Litro),46.62,4.55,-0.41,7.58
Centro,Frijol (Kg),42.45,5.26,-0.8,15.74
Occidente,Huevo (Kg),53.34,5.89,0.3,23.73
Centro,Tortilla (Kg),54.21,5.31,0.84,11.17
Centro,Aceite (Litro),36.92,3.94,0.75,22.39
Centro,Huevo (Kg),42.42,4.56,1.2,20.28
Norte,Tortilla (Kg),39.02,5.14,0.5,9.96
Sur,Tortilla (Kg),44.1,5.14,-0.3,5.73
Norte,Tortilla (Kg),47.5,6.78,1.23,7.04
Occidente,Frijol (Kg),39.3,4.09,-0.77,19.57
Norte,Aceite (Litro),42.47,5.6,-0.54,8.99
Centro,Huevo (Kg),41.98,6.39,-0.58,12.43
Norte,Huevo (Kg),49.24,7.02,1.65,15.03
Occidente,Huevo (Kg),48.42,4.88,1.4,19.51
Centro,Aceite (Litro),43.67,5.59,0.71,7.26
Centro,Frijol (Kg),49.06,5.66,1.64,13.13
Norte,Tortilla (Kg),44.72,5.36,-0.53,14.7
Sur,Leche (Litro),46.37,5.12,0.53,15.82
Norte,Aceite (Litro),58.04,5.55,0.03,21.37
Occidente,Leche (Litro),56.04,3.17,1.24,8.43
Norte,Aceite (Litro),40.2,5.75,0.04,21.16
Norte,Tortilla (Kg),52.98,5.3,-0.19,18.86
Norte,Leche (Litro),52.87,5.02,0.78,16.12
Centro,Tortilla (Kg),41.11,6.84,1.29,18.99
Centro,Leche (Litro),52.91,4.66,-0.4,13.24
Norte,Leche (Litro),57.23,4.88,0.09,7.77
Sur,Leche (Litro),41.26,6.79,-0.63,18.32
Centro,Frijol (Kg),42.49,4.53,-1.13,15.49
Centro,Huevo (Kg),54.11,4.76,0.36,17.79
Centro,Frijol (Kg),49.63,5.08,0.88,11.76
Centro,Aceite (Litro),51.31,5.87,0.43,23.14
Centro,Aceite (Litro),50.04,5.37,-0.99,16.75
Norte,Huevo (Kg),50.34,4.17,-0.16,6.71
Norte,Huevo (Kg),40.04,4.77,-1.06,14.0
Occidente,Huevo (Kg),54.28,4.71,2.25,20.13
Occidente,Leche (Litro),55.02,5.14,-0.64,20.88
Centro,Leche (Litro),46.62,5.54,2.0,14.89
Norte,Huevo (Kg),47.74,5.53,1.41,22.89
Centro,Frijol (Kg),38.81,3.78,-0.54,10.35
Centro,Leche (Litro),51.09,6.05,-0.66,13.21
Norte,Leche (Litro),51.43,5.4,0.53,22.97
Norte,Frijol (Kg),47.63,6.31,-0.51,22.93
Sur,Frijol (Kg),54.75,5.56,0.25,18.71
Sur,Frijol (Kg),46.0,6.08,-0.27,22.18
Norte,Tortilla (Kg),51.39,5.57,-0.93,6.78
Norte,Frijol (Kg),41.88,6.28,-1.07,22.3
Norte,Frijol (Kg),47.86,5.62,0.39,11.41
Sur,Aceite (Litro),46.95,5.12,-0.32,8.57
Norte,Frijol (Kg),49.35,7.02,-0.32,9.79
Norte,Leche (Litro),45.78,5.91,1.0,13.36
Sur,Huevo (Kg),47.21,5.66,1.83,10.02
Norte,Tortilla (Kg),52.96,4.18,-0.1,11.41
Sur,Huevo (Kg),45.38,4.17,-0.16,7.7
Norte,Huevo (Kg),38.36,5.43,0.73,10.92
Norte,Leche (Litro),58.5,5.32,-0.77,16.45
Norte,Aceite (Litro),56.29,4.71,0.38,13.84
Sur,Huevo (Kg),40.25,5.31,0.8,11.93
Occidente,Tortilla (Kg),52.14,6.47,0.98,19.93
Sur,Leche (Litro),44.98,5.76,-0.98,22.87
Centro,Huevo (Kg),49.58,4.29,-0.46,20.14
Sur,Frijol (Kg),49.77,5.11,-0.53,11.64
Norte,Leche (Litro),46.59,4.56,0.25,19.89
Norte,Frijol (Kg),43.3,4.89,0.7,8.04
Occidente,Huevo (Kg),43.86,4.87,2.55,7.61
Norte,Tortilla (Kg),42.5,4.82,-0.27,11.91
Norte,Leche (Litro),43.01,4.2,-0.28,21.15
Norte,Frijol (Kg),47.6,5.1,1.79,9.93
Norte,Huevo (Kg),43.71,4.75,0.47,6.27
Norte,Leche (Litro),52.09,2.86,2.03,7.63
Centro,Huevo (Kg),56.92,6.84,0.46,22.17
Centro,Leche (Litro),44.52,6.07,-0.68,17.68
Occidente,Huevo (Kg),49.44,4.9,-0.76,10.06
Sur,Aceite (Litro),51.0,5.22,-0.85,16.11
Centro,Tortilla (Kg),50.83,4.26,0.95,15.55
Norte,Tortilla (Kg),48.46,6.56,1.86,18.11
Centro,Huevo (Kg),52.46,6.72,3.5,9.66
Centro,Tortilla (Kg),50.89,5.33,1.23,22.29
Norte,Aceite (Litro),40.57,6.02,1.81,11.19
Centro,Aceite (Litro),53.21,5.34,-0.34,18.88
Centro,Tortilla (Kg),53.32,4.13,-0.68,5.32
Centro,Tortilla (Kg),43.42,4.87,1.25,12.45
Centro,Leche (Litro),48.23,5.31,0.62,12.03
Norte,Aceite (Litro),52.1,4.84,0.26,15.87
Occidente,Frijol (Kg),46.74,5.03,0.58,6.45
Sur,Tortilla (Kg),54.44,5.13,0.5,20.8
Norte,Tortilla (Kg),62.18,5.14,2.06,9.36
Occidente,Frijol (Kg),43.28,5.24,2.09,18.54
Centro,Huevo (Kg),39.71,4.35,0.79,21.06
Occidente,Frijol (Kg),49.82,4.63,1.24,16.24
Sur,Tortilla (Kg),52.33,4.17,0.74,19.82
Centro,Leche (Litro),46.61,5.98,-0.25,18.24
Norte,Huevo (Kg),56.72,3.52,1.1,12.11
Norte,Frijol (Kg),39.97,6.12,-0.79,21.18
Centro,Tortilla (Kg),52.16,6.31,1.6,10.89
Centro,Frijol (Kg),44.36,4.96,-0.69,16.42
Norte,Huevo (Kg),58.32,3.12,0.46,19.91
Norte,Frijol (Kg),59.96,4.91,-0.51,12.58
Sur,Frijol (Kg),43.4,5.15,0.8,11.06
Occidente,Frijol (Kg),44.7,4.39,0.12,14.19
Centro,Frijol (Kg),53.16,4.79,-0.87,21.36
Norte,Frijol (Kg),45.68,6.42,0.62,23.6
Norte,Leche (Litro),47.73,5.73,-0.33,15.9
Norte,Tortilla (Kg),48.15,4.46,1.3,18.23
Occidente,Leche (Litro),36.48,3.92,0.15,23.07
Norte,Tortilla (Kg),47.92,4.94,0.59,6.97
Centro,Huevo (Kg),43.86,5.03,-0.57,9.64
Norte,Huevo (Kg),45.04,5.6,-0.34,19.18
Centro,Tortilla (Kg),56.66,4.77,-0.25,21.47
Sur,Leche (Litro),40.46,5.61,1.26,22.14
Sur,Leche (Litro),52.88,6.75,3.01,13.3
Norte,Leche (Litro),46.33,5.85,-0.48,6.79
Norte,Frijol (Kg),46.32,5.16,1.65,13.76
Norte,Tortilla (Kg),52.74,5.05,-1.05,9.61
Occidente,Huevo (Kg),50.04,4.91,-0.69,10.82
Occidente,Tortilla (Kg),51.42,6.14,-0.57,20.45
Centro,Tortilla (Kg),53.81,4.7,-0.77,6.51
Centro,Huevo (Kg),46.01,5.24,-0.86,21.55
Sur,Huevo (Kg),44.33,5.24,0.61,13.55
Norte,Frijol (Kg),41.49,4.8,-0.05,16.92
Occidente,Leche (Litro),43.05,4.1,0.57,6.79
Centro,Aceite (Litro),65.69,5.46,0.99,11.75
Centro,Aceite (Litro),55.47,5.15,0.43,6.79
Centro,Frijol (Kg),39.89,5.6,0.95,24.23
Norte,Tortilla (Kg),40.07,4.77,0.08,21.15
Norte,Frijol (Kg),50.89,6.18,-0.69,14.19
Sur,Leche (Litro),51.28,4.5,1.61,9.47
Norte,Huevo (Kg),51.29,6.57,-0.34,23.67
Centro,Tortilla (Kg),46.47,3.8,-0.56,11.89
Norte,Leche (Litro),47.25,5.55,-0.02,8.22
Centro,Tortilla (Kg),49.97,5.58,-0.55,16.26
Norte,Frijol (Kg),48.52,4.56,-0.22,23.88
Centro,Frijol (Kg),34.68,5.54,0.53,5.08
Sur,Huevo (Kg),46.62,6.22,0.53,9.76
Norte,Tortilla (Kg),42.89,3.43,-0.54,23.77
Centro,Tortilla (Kg),49.05,5.6,-0.27,8.42
Centro,Huevo (Kg),65.91,3.21,1.64,7.26
Sur,Huevo (Kg),50.2,4.43,0.72,16.4
Occidente,Leche (Litro),46.12,6.5,4.23,22.24
Sur,Tortilla (Kg),53.53,4.73,1.85,14.54
Norte,Frijol (Kg),50.9,4.26,1.78,24.89
Norte,Tortilla (Kg),50.52,5.04,-0.78,18.58
Norte,Aceite (Litro),51.64,6.85,1.11,6.48
Centro,Tortilla (Kg),60.34,3.73,0.1,24.86
Norte,Tortilla (Kg),41.21,4.36,-0.32,13.16
Centro,Aceite (Litro),50.84,6.4,0.32,10.75
Centro,Leche (Litro),42.44,6.69,1.41,16.16
Centro,Huevo (Kg),51.33,5.12,0.73,11.09
Sur,Leche (Litro),42.49,4.21,-0.53,6.73
Norte,Tortilla (Kg),45.5,6.88,1.07,5.03
Norte,Tortilla (Kg),46.23,6.48,-0.38,13.99
Sur,Huevo (Kg),53.85,5.74,0.38,21.74
Centro,Huevo (Kg),53.51,4.55,-0.13,16.45
Sur,Leche (Litro),40.53,5.16,-0.05,24.98
Centro,Tortilla (Kg),48.33,5.07,1.11,10.74
Norte,Tortilla (Kg),43.74,5.46,-0.62,10.61
Sur,Leche (Litro),40.45,6.36,3.8,8.19
Sur,Leche (Litro),46.7,5.9,-0.95,8.28
Sur,Huevo (Kg),46.15,4.34,-0.35,10.7
Norte,Frijol (Kg),62.56,6.3,0.56,20.86
Centro,Huevo (Kg),50.6,5.45,0.84,23.12
Centro,Leche (Litro),39.73,5.75,0.05,24.5
Norte,Frijol (Kg),44.61,6.37,0.09,9.65
Occidente,Aceite (Litro),54.13,4.31,0.61,22.63
Norte,Huevo (Kg),60.53,5.17,-0.06,11.57
Occidente,Huevo (Kg),38.48,4.77,2.3,7.26
Centro,Tortilla (Kg),36.72,3.95,1.23,22.4
