nombre_videojuego,precio_usd,unidades_vendidas,porcentaje_digital,presupuesto_mkt_usd
Pixel Tactics Arena,29.99,27365,85.1,44349.83
Grand Hunter Unbound,29.99,500,84.8,6638.85
Elden Horizon Reloaded,39.99,25551,79.4,38857.22
Cyber Hunter Remastered,19.99,9694,86.8,3294.38
Ultimate Frontier Tactics,39.99,41847,90.9,50287.31
Ultimate Quest X,39.99,43883,84.9,65201.09
Over Empire Edition,49.99,5790,78.6,14878.08
Apex Saga Arena,59.99,10169,71.6,30441.06
Elden Frontier Prime,29.99,96427,88.0,189881.87
Shadow Soccer Unleashed,29.99,21819,85.6,16224.1
Pixel Dungeon Unbound,29.99,2011,83.1,9330.95
Valor Odyssey 3D,19.99,53342,85.5,118380.99
Valor Dungeon V,14.99,93563,88.6,191489.3
Star Saga Unbound,29.99,21067,67.2,27002.8
Over Hunter Arena,29.99,41775,84.1,73973.56
Shadow Legacy Rising,69.99,45655,64.6,102896.19
Cyber Combat Zero,39.99,2766,87.0,12804.04
Cyber Warfare Tactics,29.99,1873,83.1,16559.15
Kingdom of Odyssey Overdrive,39.99,48748,73.1,92122.5
Over Warfare Edition,19.99,70146,86.8,145076.18
Cyber Legacy Valhalla,29.99,17166,77.8,47234.55
Iron Hunter 3D,39.99,8750,81.4,11161.05
Galactic Rift IV,39.99,95274,80.5,196233.61
Valor Saga IV,29.99,12511,87.8,15819.98
Legends of Saga IV,69.99,500,63.0,19242.22
Super Chronicles HD,59.99,13254,71.2,37886.03
Super Frontier Zero,39.99,58426,72.2,127282.01
Grand Reborn Rising,39.99,24700,82.5,63194.72
Galactic Racers Remastered,39.99,17760,81.6,40735.92
Super Soccer Edition,19.99,30850,89.5,42757.01
Pixel Dungeon Unbound Vol. 31,29.99,20256,83.0,28099.71
Legends of Hunter X,14.99,32498,91.1,47011.12
Ultimate Quest Valhalla,39.99,500,87.0,2144.02
EA Sports Racers X,39.99,11094,77.6,19998.1
Galactic Racers 2025,19.99,13528,87.7,34245.89
Shadow Soccer Arena,69.99,500,61.6,8509.9
Astral Racers 2025,69.99,18962,62.7,39589.66
EA Sports Legacy Unbound,49.99,2500,75.5,21928.2
Legends of Saga Arena,39.99,70123,84.5,155667.2
Kingdom of Protocol Unleashed,59.99,57015,69.7,129705.23
Pixel Empire Prime,19.99,22865,85.8,16885.23
Cyber Soccer Unbound,49.99,8173,73.0,23136.4
Neo Saga Reloaded,19.99,16785,84.3,24985.54
Cyber Protocol Unbound,49.99,500,76.5,17125.79
Elden Warfare Edition,29.99,21233,75.5,32696.55
Neo Strike X,59.99,12884,77.4,12603.35
Over Tactics Reloaded,69.99,500,63.7,8685.28
Pixel Quest 2025,19.99,31457,90.6,50146.86
Star Protocol HD,39.99,27333,72.7,50489.95
Shadow Chronicles Tactics,69.99,500,70.3,12036.32
Galactic Dungeon Origins,39.99,28576,82.4,65864.54
Super Reborn Edition,59.99,7557,72.9,14305.83
Over Saga HD,39.99,19726,74.0,34653.89
Star Empire Rising,29.99,33588,84.3,61104.7
Star Frontier Unbound,29.99,12832,77.1,26013.93
Ultimate Racers Rising,19.99,34597,85.7,42393.1
EA Sports Empire Rising,49.99,10549,80.2,16051.71
Dragon Warfare V,29.99,13185,87.0,22104.43
EA Sports Quest 2025,39.99,17866,79.1,21897.78
Elden Warfare X,39.99,6253,74.1,12751.72
Chrono Odyssey Reloaded,39.99,9237,82.2,22544.04
Dragon Strike Origins,59.99,500,71.1,5718.04
Star Warfare Tactics,69.99,500,55.4,16462.6
Grand Rift Valhalla,29.99,17466,86.9,20234.1
Super Dungeon Tactics,59.99,500,70.9,20823.14
Apex Racers Prime,49.99,3369,81.0,21131.13
Cyber Reborn Remastered,39.99,4006,73.5,25291.81
Elden Tactics Unbound,69.99,13126,51.1,43453.28
Star Dungeon 2025,19.99,37279,88.4,64506.23
Galactic Chronicles Overdrive,19.99,13691,88.5,14047.99
Galactic Quest Reloaded,59.99,500,62.6,8077.19
Valor League Remastered,29.99,4412,78.1,9489.64
Pixel Rift Valhalla,59.99,6762,84.8,16527.77
Star Empire V,59.99,2765,69.5,18921.96
Super Rift X,14.99,17690,92.7,12456.58
EA Sports Soccer HD,59.99,500,67.8,7360.5
Legends of Racers Unleashed,29.99,14580,72.6,17049.55
Apex Rift Remastered,39.99,24034,78.2,32254.94
Star Quest Prime,39.99,27883,77.7,48777.75
Grand Empire Zero,69.99,500,65.0,15407.0
Cyber Strike Zero,14.99,19799,88.4,17800.86
Star Racers Valhalla,39.99,6592,80.3,10649.86
Shadow Combat 3D,49.99,11774,74.3,26070.53
Valor Warfare Remastered,49.99,3557,68.7,11516.91
Apex Dungeon Online,49.99,20655,77.4,47721.05
Super Odyssey 2025,19.99,12093,77.3,4510.37
Astral Rift Prime,29.99,9485,72.8,18776.67
Galactic Chronicles Remastered,29.99,17283,86.7,36355.74
Dragon Quest Valhalla,59.99,4610,73.5,32332.7
Over Reborn 3D,29.99,110501,82.7,250000.0
Chrono Strike IV,19.99,20092,80.0,38169.8
Elden Hunter V,69.99,500,63.5,9857.08
Super Saga 2025,14.99,17043,87.7,24453.67
EA Sports Rift Unleashed,69.99,500,59.0,4553.97
Cyber Racers Rising,49.99,11345,71.3,24819.88
Dragon Frontier 3D,59.99,500,74.3,11695.32
Chrono Racers HD,29.99,39516,90.1,67197.43
EA Sports Empire 3D,14.99,21545,86.9,15528.93
Shadow Quest Prime,49.99,5805,78.8,23938.28
Super Racers Overdrive,59.99,5516,61.4,14249.0
Kingdom of Racers Zero,49.99,64615,78.3,153100.73
Astral Combat Arena,19.99,18271,83.0,19511.46
Ultimate League V,49.99,69343,76.5,168140.81
Dragon Hunter 2025,49.99,18364,73.8,60727.49
Legends of Horizon Valhalla,49.99,17694,81.6,43567.5
Pixel League Remastered,49.99,16889,70.6,38899.36
Valor Protocol Unbound,59.99,12963,74.1,39886.66
Cyber Protocol Prime,39.99,500,77.6,3914.05
Super Hunter 3D,14.99,17663,88.2,20355.71
Apex Legacy X,39.99,32537,78.1,62639.91
Elden Saga V,14.99,21807,84.8,25619.34
Ultimate Reborn Rising,29.99,9885,82.9,6599.9
Star League Tactics,29.99,14140,82.7,25529.64
Iron Horizon Origins,14.99,82904,90.2,147872.47
Super Hunter X,29.99,42246,83.4,93609.93
Over Soccer Unbound,19.99,22819,91.0,25285.74
Cyber Strike IV,59.99,34261,75.6,69664.72
Star Saga Remastered,69.99,4799,61.8,18647.98
Galactic Tactics Valhalla,14.99,11693,93.3,4895.78
Neo Combat Edition,69.99,500,61.1,10673.66
Elden Empire Unleashed,39.99,65962,81.9,128397.83
EA Sports Dungeon X,29.99,8093,86.1,20455.5
Super Quest Arena,14.99,15143,79.4,21091.3
Ultimate Rift Zero,39.99,9985,79.5,19933.6
Neo Quest Valhalla,49.99,87469,72.7,180617.46
Pixel Soccer Remastered,49.99,63442,71.2,136756.73
Over Rift Unleashed,14.99,116994,95.0,247404.58
EA Sports Legacy Origins,14.99,19277,85.7,22947.28
Iron Empire 3D,29.99,19202,79.0,36156.95
Star Soccer X,29.99,5110,83.4,5903.84
Apex Rift Unbound,19.99,66917,90.4,117822.49
Cyber Quest Origins,29.99,2910,82.3,8368.42
Kingdom of Soccer Online,59.99,20083,76.8,33415.51
Ultimate Tactics Edition,69.99,2184,69.7,8979.48
Elden Quest Origins,29.99,18175,72.1,14930.08
Neo Odyssey Valhalla,69.99,500,64.4,11646.23
Apex Warfare Rising,29.99,11845,80.2,14648.96
Star Frontier Overdrive,39.99,2898,81.4,15691.54
Shadow Quest 2025,19.99,13376,73.9,15548.68
Elden Horizon Origins,39.99,33327,91.7,61903.62
Over Racers 2025,69.99,4493,69.7,8911.85
Super Hunter Edition,39.99,12560,79.7,33541.59
Grand Frontier IV,29.99,45098,88.9,90940.36
Over Legacy V,39.99,9493,90.7,16103.69
Elden Combat Remastered,19.99,7929,91.4,13122.47
Dragon Hunter Edition,59.99,9573,75.7,21364.27
Ultimate Reborn HD,39.99,38771,79.7,87528.98
Pixel Odyssey Overdrive,29.99,19726,82.3,32666.57
Neo Horizon Online,39.99,7860,76.6,15816.13
Cyber League Origins,39.99,18697,74.9,43646.42
Legends of Racers Rising,14.99,14488,85.6,8934.79
Shadow Rift Online,49.99,22854,68.3,53175.84
Valor Empire Unbound,19.99,25360,86.6,40481.78
EA Sports Frontier Rising,49.99,5259,66.6,19775.35
Neo Racers HD,59.99,3834,72.0,11630.83
Dragon Empire Prime,59.99,10259,70.8,11084.68
Apex Protocol Unleashed,39.99,24369,79.7,45927.41
Dragon Odyssey X,39.99,49360,76.4,91948.19
Legends of Reborn X,19.99,8452,95.0,14224.09
Legends of Chronicles 3D,49.99,19938,81.8,42547.94
Star Reborn Arena,29.99,2018,76.8,3337.49
Apex Soccer Remastered,39.99,2365,80.2,14993.65
Over Tactics Online,29.99,14042,80.0,26080.44
Apex Chronicles IV,19.99,19837,81.9,10832.61
Kingdom of Chronicles 3D,39.99,12498,72.3,10545.91
EA Sports Racers Reloaded,14.99,17926,91.2,13797.19
Grand Combat Arena,49.99,8554,71.6,36033.08
Over Dungeon Edition,29.99,15059,87.8,22307.34
Over Empire Tactics,14.99,13302,94.0,2869.14
Pixel Legacy IV,39.99,5332,85.9,3226.97
Galactic League HD,14.99,7882,84.7,14663.77
Valor Warfare Origins,29.99,20684,85.4,42518.16
EA Sports Strike Unleashed,49.99,500,78.2,1724.16
Galactic Rift IV Vol. 174,14.99,20529,86.6,16322.01
Super Tactics Rising,59.99,500,67.1,15894.88
Pixel Protocol Online,14.99,58217,95.0,107832.87
Cyber Strike Unleashed,19.99,17955,88.1,18305.89
Over Chronicles Edition,49.99,22007,78.2,39457.88
Elden Chronicles Remastered,29.99,23410,78.9,30984.96
Neo Protocol Overdrive,19.99,13353,80.9,3195.29
Star Hunter HD,29.99,28103,80.2,58000.52
Pixel Quest Remastered,29.99,11479,82.4,33369.46
Neo Empire 2025,59.99,15163,65.7,44724.14
Chrono Strike X,29.99,123511,83.0,250000.0
Neo Protocol Arena,49.99,8476,66.6,3347.23
Apex Horizon Origins,59.99,68482,65.4,150948.9
Cyber Racers Unleashed,29.99,17231,86.4,20182.12
Star Combat Arena,69.99,12037,70.0,35858.25
Legends of Empire 3D,29.99,14790,81.0,25706.21
Iron Quest Remastered,69.99,1273,61.9,17601.93
Apex Horizon X,14.99,25695,83.9,15216.98
Kingdom of Rift Zero,49.99,12121,73.1,37403.1
Chrono Frontier Zero,39.99,13732,82.2,5900.7
Cyber Hunter Overdrive,29.99,30037,87.6,56987.04
EA Sports Dungeon Online,39.99,17614,76.5,17744.05
Dragon Dungeon 2025,49.99,500,69.2,8690.02
Star Protocol Valhalla,14.99,21151,90.3,17154.01
Neo Legacy Remastered,19.99,47877,82.9,94575.07
Chrono Combat Unleashed,49.99,500,72.4,15751.09
EA Sports Saga V,49.99,18421,81.6,38501.54
Kingdom of Combat IV,69.99,4878,71.1,12952.5
EA Sports Quest 2025 Vol. 202,49.99,21611,75.8,57407.02
Valor Saga Rising,69.99,10536,60.6,53396.89
Grand Empire IV,49.99,76431,76.1,170861.55
Super Warfare HD,29.99,15722,88.3,22571.34
Shadow Quest Valhalla,19.99,35371,85.1,52504.53
Chrono Empire Origins,49.99,18104,81.8,29675.22
EA Sports Strike Remastered,39.99,46945,85.5,98309.09
EA Sports Soccer Edition,14.99,25680,95.0,13110.49
Kingdom of Reborn Rising,29.99,32625,84.5,56670.29
Astral Dungeon 3D,69.99,2235,69.9,22143.58
Super Reborn IV,39.99,6298,86.1,25230.57
Neo Odyssey 2025,29.99,17959,85.2,29488.41
Dragon Hunter V,39.99,16900,76.5,34621.85
Galactic Chronicles V,19.99,24582,84.8,23951.13
Shadow Combat X,29.99,23321,84.2,33346.67
Super Frontier Origins,29.99,58771,76.6,130368.2
Dragon Rift Arena,14.99,43797,88.3,72074.07
Iron Soccer 3D,49.99,32233,80.5,64161.24
Ultimate Horizon Unleashed,29.99,21319,72.0,17059.47
Pixel Strike V,59.99,6415,78.7,11056.34
Chrono Combat V,59.99,32277,76.6,69933.53
Valor Saga Unleashed,19.99,38375,84.7,64604.98
Ultimate Tactics Tactics,49.99,54739,77.7,117321.19
Super Saga Edition,39.99,15868,79.0,14706.13
Elden Empire Origins,59.99,500,77.2,21385.14
Cyber League Rising,19.99,9605,91.9,5221.37
Kingdom of Empire Prime,49.99,4316,68.0,18170.03
EA Sports Warfare Tactics,39.99,37694,81.9,72880.07
Ultimate Protocol Reloaded,29.99,19747,82.0,16873.58
Grand Rift Reloaded,19.99,28988,87.4,51045.86
Elden Saga Valhalla,49.99,500,71.4,22236.65
Grand Rift Zero,49.99,14681,83.7,37199.74
Cyber Hunter Online,29.99,14412,88.2,8538.23
Shadow Racers Overdrive,39.99,18874,75.3,29296.09
Elden Reborn Origins,29.99,8752,76.3,1351.36
Valor League Tactics,49.99,8645,73.1,22317.0
Super Soccer HD,19.99,4978,89.2,5268.64
Over Legacy V Vol. 239,59.99,40015,72.2,89858.77
Dragon Legacy IV,29.99,28173,89.3,58536.59
Legends of Saga Arena Vol. 241,29.99,36229,87.0,42901.88
Grand Rift Rising,14.99,68764,93.9,123131.26
Cyber Quest Zero,19.99,10786,88.6,10415.84
Dragon Racers Prime,39.99,69430,72.1,154409.46
Iron Saga 3D,29.99,36289,82.0,68335.97
Astral Warfare IV,59.99,5361,76.3,21235.82
Astral Reborn Unbound,14.99,53775,88.7,83752.4
Shadow Saga 3D,29.99,10939,85.5,8899.11
Grand Saga IV,29.99,7652,81.4,11795.65
Valor Strike Remastered,14.99,26542,83.9,14638.5
Elden Saga Origins,19.99,16382,86.4,15851.55
Kingdom of Chronicles Rising,29.99,14056,84.5,9352.91
Pixel Frontier Rising,39.99,41095,75.7,91407.52
Neo Tactics Online,29.99,17163,81.8,20767.52
Kingdom of Racers HD,39.99,21781,74.3,38273.19
Neo Combat Arena,39.99,500,84.6,15209.09
Cyber Saga V,14.99,22539,87.5,4356.38
Iron Hunter Zero,39.99,25316,86.3,35244.24
Dragon Frontier Unleashed,69.99,500,74.6,3974.86
Kingdom of Dungeon Origins,39.99,8795,78.6,25118.65
Chrono Tactics V,49.99,4822,70.0,6847.82
Neo Strike Origins,29.99,94760,72.6,196275.78
Super Strike Tactics,49.99,31898,67.6,66927.33
Apex Odyssey Reloaded,49.99,14417,68.1,29904.19
Legends of Racers Unleashed Vol. 265,39.99,48372,85.9,95197.28
Galactic Soccer Online,69.99,6433,67.6,11541.26
Chrono Warfare Prime,19.99,32690,89.0,46326.96
Grand Odyssey Arena,14.99,20038,77.9,32853.4
Chrono Empire Tactics,49.99,22580,69.0,35032.1
Elden Warfare Arena,59.99,48416,75.4,96024.01
Grand Hunter Unleashed,19.99,49947,88.4,55965.58
Neo Frontier Origins,29.99,16544,82.3,35908.3
Chrono Odyssey Unleashed,14.99,14031,91.8,5141.56
Star Quest Prime Vol. 274,29.99,500,91.2,10300.56
Dragon Frontier Arena,49.99,13477,73.9,23796.44
Super Legacy Tactics,39.99,13553,79.4,29536.21
EA Sports Horizon Online,29.99,19530,84.0,8688.85
Neo Horizon Remastered,29.99,114629,95.0,250000.0
Super Strike Overdrive,14.99,57211,78.5,122564.67
Kingdom of Soccer Edition,29.99,25752,86.4,49124.75
Over Warfare IV,39.99,6136,78.4,28912.72
Galactic Warfare Prime,69.99,7550,69.8,21759.18
Super Soccer HD Vol. 283,59.99,500,67.7,10384.62
Dragon Dungeon Reloaded,14.99,23727,88.8,29070.54
Iron Strike Remastered,59.99,2279,74.6,34813.22
Dragon Soccer X,49.99,1898,90.6,7771.66
Valor Legacy Reloaded,49.99,25130,79.0,37578.09
Legends of Warfare X,39.99,15171,74.8,23034.33
Shadow Racers 2025,29.99,3482,80.9,3992.58
Galactic Hunter Reloaded,29.99,10967,80.7,11380.03
Legends of Soccer 3D,14.99,18598,80.0,17790.05
Shadow Soccer Origins,19.99,91318,85.4,177670.8
Elden Legacy Online,19.99,23290,90.7,46936.6
Neo League Overdrive,39.99,9150,72.6,7076.38
Galactic Hunter Unbound,49.99,6164,80.2,43740.79
Galactic Legacy Unleashed,39.99,2430,81.4,5725.56
Chrono Quest Arena,14.99,43807,85.3,79434.74
Super Empire 2025,69.99,4727,66.3,16795.65
Iron Warfare 3D,69.99,5140,75.0,24498.42
Galactic Hunter Unleashed,49.99,38558,78.7,101295.44
Pixel Reborn Tactics,69.99,500,67.0,7426.7
Chrono Racers Unbound,39.99,6990,77.8,6653.39
Elden Hunter Edition,69.99,500,67.4,15008.93
Star Saga Arena,14.99,41803,86.4,75991.66
Super Tactics Unbound,29.99,6248,72.5,5887.9
Cyber Strike 2025,19.99,13196,95.0,1584.22
EA Sports Quest Online,19.99,14124,87.8,17134.36
Ultimate League Origins,19.99,29582,89.0,46711.27
Kingdom of Quest Tactics,39.99,54057,78.7,89345.11
Neo Saga Online,49.99,503,71.3,16929.94
Neo Tactics Arena,39.99,1766,78.1,17828.85
Galactic Soccer Arena,19.99,51304,79.0,85297.53
Cyber Frontier IV,59.99,500,82.4,4147.49
Ultimate Reborn Unleashed,39.99,9620,72.8,18241.95
Cyber Odyssey Reloaded,29.99,16743,77.8,32546.46
EA Sports Tactics Reloaded,49.99,17675,72.8,42159.64
Kingdom of Hunter Tactics,29.99,21266,89.4,16158.37
Chrono Hunter Arena,29.99,22544,83.1,27845.9
Astral Horizon X,69.99,500,60.8,2234.28
Neo Hunter Overdrive,29.99,5190,89.3,13929.32
Super Saga Zero,39.99,16300,82.7,42340.9
Grand Frontier X,59.99,500,73.7,10073.93
Cyber Rift Online,49.99,8798,78.6,28537.78
EA Sports Soccer Zero,14.99,34213,95.0,42060.84
Kingdom of Empire HD,19.99,20182,95.0,19100.14
Elden Legacy Zero,14.99,23751,85.6,31903.27
Legends of Horizon 2025,39.99,7514,87.1,10272.93
Astral Soccer 3D,29.99,12405,84.9,21881.32
Cyber Quest Unleashed,19.99,32312,89.5,49524.17
Galactic Saga Arena,69.99,11996,58.5,31475.76
Legends of Dungeon Edition,39.99,1657,78.2,14964.99
Star Dungeon Remastered,19.99,25650,82.9,33665.08
Star Horizon Tactics,39.99,32403,83.1,54973.68
Ultimate Chronicles Overdrive,49.99,500,80.4,3463.58
Ultimate Empire Reloaded,14.99,52589,78.6,85739.94
Over Reborn Unbound,29.99,28725,82.9,19220.74
Star Strike 2025,59.99,15008,76.6,41171.02
Dragon Horizon Overdrive,39.99,45053,78.1,89076.15
Dragon Chronicles Rising,39.99,2383,82.6,6824.85
Star Dungeon Rising,29.99,12864,84.8,13234.19
Star Hunter Rising,14.99,21876,90.7,20159.91
Pixel Quest IV,19.99,15506,85.6,12286.38
Elden Reborn Rising,29.99,69530,76.9,152502.55
Neo Rift Zero,19.99,15174,81.4,11421.22
Elden Combat 2025,14.99,24760,92.6,15435.93
Astral Reborn Arena,59.99,14098,71.1,33004.16
Valor Warfare Rising,69.99,2451,66.3,8085.68
Valor Strike Unleashed,49.99,6968,72.9,18111.81
Cyber Quest Zero Vol. 349,59.99,17382,69.5,36954.89
Pixel Racers Edition,19.99,19078,92.2,19286.09
Kingdom of Reborn 3D,69.99,500,65.3,24504.53
Ultimate Quest Overdrive,19.99,17726,80.3,15845.93
Pixel Hunter 2025,69.99,500,70.7,5916.67
Shadow Hunter Arena,69.99,7537,66.0,37108.2
EA Sports Racers Unleashed,49.99,70961,75.2,155582.76
Super Saga Zero Vol. 356,69.99,7820,75.0,27402.83
Ultimate Racers 3D,39.99,12222,78.9,33700.37
Astral Horizon Valhalla,29.99,35475,84.4,53783.54
Cyber Tactics Origins,29.99,12265,77.1,7560.33
Astral Rift Overdrive,39.99,65916,77.9,147637.42
Pixel League Unbound,14.99,17636,92.1,32936.24
Super Reborn Valhalla,39.99,64183,71.2,137565.7
Elden Odyssey Overdrive,69.99,500,68.0,12925.62
Ultimate Quest Arena,19.99,84143,87.5,165721.16
EA Sports Tactics Reloaded Vol. 365,49.99,24469,75.2,58404.92
Kingdom of Warfare Remastered,69.99,5013,72.2,46772.0
Over Tactics Origins,69.99,7359,68.7,33996.89
EA Sports Strike HD,69.99,1917,74.4,20983.07
Ultimate Frontier Remastered,39.99,46387,74.0,89369.22
Star Frontier Rising,69.99,4442,67.7,30957.17
Kingdom of Legacy Rising,49.99,10089,75.4,3762.84
Valor Reborn Rising,19.99,3406,81.7,8802.7
Astral Dungeon Zero,39.99,19612,83.8,22340.45
Ultimate Protocol Unbound,49.99,15387,86.6,36680.44
Legends of Horizon 3D,19.99,24741,86.9,25423.05
Cyber Protocol V,39.99,44366,81.5,91032.4
EA Sports Horizon Tactics,49.99,7421,75.4,3823.41
Valor League Online,19.99,21041,83.4,31057.26
Legends of Strike V,39.99,500,69.9,4367.83
Dragon Soccer Tactics,49.99,32984,71.5,57509.89
Over League Tactics,39.99,13450,72.0,24478.28
Galactic Warfare X,14.99,30029,95.0,40929.65
Neo Chronicles Edition,14.99,21779,88.4,11340.29
Neo Empire 3D,29.99,44362,81.3,96709.31
Ultimate Horizon 2025,69.99,31291,71.4,76246.34
Elden Odyssey Unleashed,19.99,27752,81.4,48220.73
Grand Hunter Reloaded,39.99,12977,75.2,23634.97
Cyber Empire Unbound,19.99,30983,87.3,48043.27
Galactic Racers V,29.99,4472,88.1,13267.96
Iron Soccer 2025,59.99,21591,73.5,63294.62
Cyber Saga Prime,49.99,69763,76.2,140011.65
Elden Racers Prime,14.99,50250,89.4,78480.9
Grand Empire IV Vol. 393,29.99,11526,85.0,12970.04
Grand Warfare HD,14.99,29095,90.0,38615.82
Ultimate Dungeon HD,39.99,4853,73.9,7382.43
Galactic Empire 2025,49.99,28244,75.2,47685.87
Grand Hunter Edition,19.99,26999,81.6,42218.06
Pixel Racers Remastered,29.99,9028,83.4,4147.18
Valor Soccer X,29.99,15521,80.6,8418.75
Over Reborn Tactics,69.99,500,79.7,20269.27
Ultimate Frontier Unleashed,69.99,10757,66.8,19913.24
EA Sports Frontier Rising Vol. 402,14.99,6462,82.0,8026.65
Dragon League Rising,49.99,26013,74.3,39694.93
Iron Frontier Valhalla,29.99,19707,85.6,34595.32
Elden Hunter Rising,29.99,14758,91.4,22153.06
EA Sports Rift Tactics,49.99,500,72.1,12634.78
Galactic Combat X,69.99,26280,59.1,76780.59
Iron Dungeon IV,69.99,52183,71.1,140843.85
Iron League Valhalla,39.99,7429,72.1,16588.06
Pixel Empire Unbound,29.99,11880,80.8,14586.23
Astral Saga Unbound,49.99,24577,73.7,43967.57
Legends of Reborn Valhalla,29.99,15504,82.7,18806.74
Galactic Combat Overdrive,39.99,15072,82.4,23402.61
Star Chronicles Remastered,29.99,25890,79.6,56367.79
Valor League Unbound,49.99,500,73.6,3986.4
Dragon Legacy Remastered,19.99,63239,86.9,100539.13
Over Protocol V,19.99,18346,87.8,28931.33
Shadow Soccer Reloaded,69.99,10306,67.5,17827.67
Galactic Frontier Unbound,19.99,18860,89.2,24606.5
Iron Empire Online,39.99,14674,83.2,25911.17
Neo Combat 2025,19.99,16498,89.0,4763.79
Apex Protocol Edition,14.99,70845,91.3,119962.95
Over Warfare Remastered,14.99,22566,81.1,28038.27
Kingdom of Warfare IV,19.99,25916,87.3,41898.37
Neo Combat Remastered,59.99,28075,73.4,69671.72
Pixel Legacy Prime,29.99,12053,86.6,9689.88
Dragon Frontier Valhalla,69.99,17897,63.5,43194.65
Over Saga Edition,39.99,12287,75.7,20585.84
Pixel Tactics Origins,29.99,37330,80.1,62741.02
Super Empire Remastered,39.99,12637,81.7,3205.98
Neo Legacy Overdrive,39.99,15873,84.2,24365.07
Cyber Combat Origins,49.99,8186,73.0,14723.19
Apex Quest 3D,29.99,17061,87.5,41450.82
Iron Dungeon Arena,29.99,12220,83.6,43046.84
Dragon Odyssey X Vol. 435,59.99,4911,70.4,13258.23
EA Sports Soccer Reloaded,69.99,500,65.9,13198.07
Chrono Chronicles 3D,59.99,5267,74.7,24084.76
Grand Protocol V,29.99,12159,84.6,10974.81
Pixel Tactics Online,49.99,27799,86.4,62441.39
Galactic Tactics Unleashed,39.99,17010,74.7,18597.69
Neo Legacy Edition,39.99,4095,81.6,1469.99
Grand Warfare HD Vol. 442,19.99,13590,84.4,18493.56
Dragon Racers Tactics,39.99,12239,74.7,9522.91
EA Sports Soccer Arena,19.99,10286,86.9,5264.41
Dragon Dungeon Remastered,29.99,12148,83.7,7805.42
Star Empire Edition,59.99,8122,85.6,30013.68
Shadow Combat Overdrive,19.99,51466,86.1,101583.95
Dragon Racers Remastered,14.99,27482,83.4,36797.47
Chrono Protocol Arena,14.99,17168,90.4,14669.07
Legends of Odyssey 3D,69.99,15501,56.6,42442.44
EA Sports Warfare Reloaded,39.99,9309,78.5,16999.0
Legends of Racers HD,29.99,2865,83.1,13432.06
Shadow Warfare X,59.99,500,75.0,8481.46
Kingdom of Dungeon Arena,59.99,3072,75.9,4666.53
Galactic Soccer Reloaded,29.99,12713,80.5,18216.38
Ultimate Saga Tactics,49.99,12950,74.3,31509.79
Galactic Soccer Valhalla,49.99,15926,71.2,24425.34
Valor Strike Origins,49.99,4429,69.4,17748.09
Apex Protocol Origins,19.99,5990,88.6,10448.92
Neo Empire Overdrive,59.99,18441,64.6,49426.71
Galactic Protocol Unleashed,39.99,3825,76.9,7207.43
Shadow Hunter V,29.99,27476,78.0,58455.9
Galactic Protocol IV,29.99,9569,85.8,9875.21
Super Strike Unleashed,14.99,18665,95.0,12677.26
Apex Hunter 2025,19.99,11749,80.5,6205.65
Apex Dungeon IV,49.99,8870,65.7,16294.74
Grand Protocol Edition,14.99,51676,88.4,71347.13
Cyber Strike Unbound,29.99,24563,83.1,45054.5
EA Sports Horizon IV,39.99,36600,80.1,71569.34
Elden League Edition,14.99,28363,86.8,45348.96
Grand Chronicles Overdrive,69.99,500,66.0,8922.49
Cyber Warfare 3D,19.99,14775,88.8,19326.08
Neo Frontier Unbound,29.99,9157,88.2,12330.13
Ultimate Protocol 3D,29.99,53601,73.2,101780.61
Dragon Dungeon Rising,19.99,24406,85.2,8129.15
Galactic Warfare IV,14.99,36512,90.1,65755.44
Shadow Rift Tactics,49.99,27487,70.4,65706.55
Elden Chronicles Edition,69.99,69128,75.7,167647.73
Legends of Warfare Arena,19.99,19018,83.8,17859.9
EA Sports Odyssey Prime,49.99,26002,74.8,54848.06
Cyber Combat Online,49.99,118923,77.8,250000.0
Dragon Frontier Rising,59.99,500,68.0,14506.59
Kingdom of Quest Overdrive,29.99,500,73.8,5796.21
Valor Legacy Arena,29.99,5370,80.9,4105.12
Over Odyssey Remastered,29.99,36180,88.2,54869.45
Star Frontier Unbound Vol. 486,49.99,500,73.3,4092.25
Grand Quest Tactics,59.99,500,66.8,18539.91
Iron Saga Unleashed,19.99,30606,91.6,41660.69
Grand Warfare 3D,29.99,21790,81.4,32376.09
Ultimate Odyssey Rising,69.99,7078,64.5,41169.17
Shadow Protocol HD,59.99,7195,71.8,33600.29
Pixel Saga Reloaded,69.99,32647,70.9,96651.38
Star Warfare Arena,49.99,5226,86.9,10380.49
Astral Tactics Reloaded,29.99,9023,87.1,13670.63
Shadow Empire X,39.99,11063,84.8,12423.44
Iron Rift Origins,49.99,13499,72.5,61709.42
Star Strike Unleashed,14.99,36007,83.9,66197.54
EA Sports Racers 2025,39.99,16382,79.3,42244.33
Chrono Saga V,49.99,38258,75.5,87859.45
Shadow Empire X Vol. 500,19.99,10040,81.6,8282.99
Valor Saga X,49.99,68125,74.1,142518.07
Apex Hunter 3D,39.99,49239,81.0,123406.45
Dragon Hunter Arena,69.99,19493,68.8,56141.02
Astral Combat Prime,14.99,85213,91.5,159819.27
Pixel Racers X,29.99,17595,84.5,5132.65
Shadow Tactics 3D,39.99,7759,76.5,15923.51
Iron Legacy Unbound,29.99,13428,80.4,12896.31
Dragon Frontier Prime,49.99,15892,69.0,55352.62
Cyber Dungeon Tactics,49.99,500,83.9,9413.12
Apex Warfare Zero,19.99,39049,87.1,57382.53
Grand Protocol Rising,39.99,50643,77.9,105930.25
Galactic Combat Overdrive Vol. 512,39.99,33158,74.4,53917.1
Astral Saga Tactics,29.99,15214,95.0,35730.18
Grand Protocol 2025,69.99,1110,61.6,10017.88
Chrono Dungeon Zero,59.99,11537,68.9,11535.09
Grand Reborn HD,49.99,44341,77.1,93865.57
Dragon Frontier 3D Vol. 517,49.99,27778,78.0,58650.36
Iron Rift Prime,39.99,14688,83.8,25873.65
Super League Zero,69.99,500,76.0,17713.64
Valor Quest V,49.99,8377,77.5,3548.19
Super Quest HD,49.99,1097,69.7,9220.16
Neo Quest IV,59.99,81397,69.7,181937.61
Star Chronicles V,29.99,1552,84.5,7476.68
Chrono Chronicles 3D Vol. 524,59.99,5737,81.3,32515.75
Valor Saga V,19.99,49333,80.0,73676.85
Kingdom of Frontier Rising,29.99,7718,89.0,7670.04
Galactic Horizon Remastered,29.99,27831,83.9,32361.04
Chrono Dungeon Tactics,69.99,24539,71.2,68728.25
Legends of Chronicles HD,59.99,500,70.5,27241.57
Valor Frontier Zero,49.99,116963,70.8,250000.0
Galactic Combat Prime,49.99,500,78.8,5071.54
Iron Chronicles Reloaded,39.99,41395,82.3,77553.91
Star Rift Online,69.99,4314,71.9,22633.77
Chrono Racers HD Vol. 534,39.99,21484,78.9,58216.27
Kingdom of Legacy Reloaded,29.99,25646,80.0,41827.41
Valor Frontier X,19.99,25799,79.2,12924.03
Neo Protocol Unleashed,49.99,17689,79.1,33826.38
Elden Legacy Online Vol. 538,49.99,1604,77.1,4196.89
Neo Hunter Unleashed,29.99,33510,78.2,49180.25
Over Combat Tactics,14.99,27868,86.3,36248.69
Valor Reborn Origins,59.99,20979,68.7,50953.06
Legends of Racers Edition,14.99,39922,81.6,77506.6
Elden Racers Arena,49.99,18657,70.9,38856.08
Super Chronicles X,69.99,13219,61.3,31197.38
Dragon Tactics Origins,29.99,6838,80.9,11147.07
Cyber Frontier Prime,19.99,22064,83.3,13197.45
Valor Empire Unleashed,49.99,39209,66.9,88144.66
Legends of Odyssey V,59.99,43474,81.1,113134.81
Cyber Warfare Arena,39.99,17532,85.3,21202.82
Ultimate Odyssey Tactics,69.99,5245,63.1,28169.72
Pixel League Unleashed,14.99,19200,90.4,10887.66
Elden Frontier Remastered,39.99,40658,81.1,86921.17
Neo Combat Zero,49.99,23254,81.0,52334.8
Iron Quest Remastered Vol. 554,59.99,83819,66.9,187440.63
Galactic Odyssey Valhalla,19.99,15487,92.5,11177.71
Kingdom of Frontier 3D,59.99,500,68.3,18434.74
Astral Warfare Origins,39.99,12655,72.3,33909.35
EA Sports Strike IV,29.99,33759,86.6,51353.56
Legends of Saga 3D,19.99,18100,93.5,21684.05
Pixel Tactics V,59.99,500,83.9,11237.81
Pixel Strike Rising,19.99,31438,81.0,64952.24
Ultimate Racers Origins,29.99,25504,86.5,55333.59
EA Sports Quest Zero,29.99,736,81.0,10761.45
Over Odyssey IV,59.99,43451,74.9,104343.41
Iron Horizon Edition,49.99,36025,67.7,86699.09
Shadow Legacy Valhalla,49.99,9016,68.7,30770.03
Kingdom of League X,29.99,18771,79.1,29132.16
Legends of Quest Origins,39.99,25891,79.4,46819.63
Star Hunter Reloaded,39.99,18583,75.8,11365.04
Over Quest Prime,59.99,1919,74.3,27723.38
Grand Soccer Arena,69.99,1206,72.1,3126.33
EA Sports Frontier Origins,14.99,44452,92.0,64631.4
Dragon Empire X,49.99,500,83.1,5644.89
Iron Saga Tactics,14.99,65962,91.1,120984.76
Over Tactics Overdrive,39.99,9417,72.9,19339.02
Astral Warfare HD,29.99,16728,89.8,21770.98
EA Sports Tactics 2025,29.99,20011,80.0,14360.92
Shadow Strike Origins,29.99,18107,87.6,20170.19
EA Sports Quest Rising,39.99,55558,86.9,111138.38
Elden Legacy X,29.99,4857,85.3,2235.44
Kingdom of Tactics Overdrive,49.99,35993,67.5,96467.88
Grand Warfare Overdrive,29.99,21935,78.4,37722.93
Pixel Saga Reloaded Vol. 583,14.99,20156,95.0,8046.39
Valor Frontier Tactics,49.99,500,74.2,9179.13
Star Protocol Prime,29.99,65451,83.4,143830.82
Apex Combat Edition,29.99,11337,86.8,10451.42
Galactic Combat 2025,49.99,500,78.5,8490.04
Galactic Strike Origins,29.99,39792,84.4,83894.43
Iron Saga V,14.99,25369,88.0,37742.91
Super Horizon Edition,29.99,3913,81.4,10530.96
Valor Combat Rising,69.99,4167,71.3,33410.48
Galactic Saga Zero,39.99,10860,81.8,9645.51
Dragon Frontier Zero,49.99,29865,73.7,80888.05
Astral Odyssey 2025,39.99,30005,84.4,77759.11
Super Reborn Valhalla Vol. 595,19.99,26462,86.4,45798.48
Astral Rift Origins,29.99,27044,78.7,38625.23
Legends of Warfare Overdrive,49.99,69469,71.2,156558.99
Chrono Dungeon 2025,19.99,18782,82.1,26894.75
Legends of Rift IV,29.99,9937,81.6,8251.3
Legends of Protocol HD,29.99,16251,89.2,42170.4
Grand Odyssey V,29.99,105969,79.0,216651.87
Chrono Legacy Online,69.99,500,67.9,9752.13
Chrono Reborn Tactics,14.99,16890,85.7,18742.28
Ultimate Combat IV,39.99,26392,77.7,40800.35
Legends of Reborn IV,19.99,14836,79.5,25491.37
Grand Quest Unbound,69.99,4175,65.9,10073.83
Iron Quest X,19.99,46948,86.0,82607.67
Pixel Saga Unleashed,29.99,116820,85.7,250000.0
Super Empire Rising,49.99,14633,76.1,32732.75
Shadow Frontier Tactics,49.99,4368,69.0,10893.61
Grand Racers Zero,29.99,14676,88.4,5716.09
Astral Legacy Edition,29.99,16289,84.1,34821.0
Ultimate Legacy HD,29.99,38701,84.0,81135.62
Shadow Hunter Valhalla,29.99,30655,83.0,43267.96
Ultimate Strike X,19.99,18102,84.4,26838.59
EA Sports Warfare Valhalla,39.99,14221,80.1,14924.04
EA Sports Saga X,29.99,18561,85.4,9025.75
Cyber Saga Reloaded,29.99,31890,74.3,61991.42
Apex Strike 3D,49.99,33599,72.3,67088.75
Valor Frontier Reloaded,69.99,500,65.7,5734.58
Neo Horizon Valhalla,39.99,66134,80.3,131905.23
Iron Saga Online,14.99,32994,95.0,47766.09
Grand Reborn Arena,14.99,61942,85.1,109053.58
Cyber Protocol Unleashed,69.99,500,64.5,7029.51
Ultimate Legacy Online,29.99,786,80.4,6864.89
Apex Tactics 3D,14.99,23450,85.0,23179.67
Iron Racers Zero,39.99,12701,77.3,44479.53
Apex League Online,39.99,74389,82.9,162163.57
Valor Warfare Rising Vol. 629,39.99,32236,73.7,54506.7
Neo Odyssey Reloaded,29.99,16460,85.1,21106.13
Pixel Frontier Edition,14.99,24582,80.5,9639.56
Pixel Protocol Unbound,69.99,40547,64.2,92042.03
Dragon League Edition,29.99,7347,81.4,10252.68
Cyber Tactics Online,49.99,61834,83.4,137100.37
Pixel Quest X,49.99,8875,73.6,20244.03
Neo League Arena,39.99,54493,68.0,132003.28
Neo Dungeon HD,29.99,25172,73.0,53046.88
Iron League Edition,29.99,13755,83.2,23458.88
Galactic Rift Rising,39.99,500,82.1,16004.15
EA Sports Odyssey Overdrive,59.99,5849,72.9,19131.51
Elden Odyssey Unbound,69.99,11337,67.8,41287.57
Kingdom of Combat Unleashed,19.99,13716,92.8,29061.12
Cyber League 2025,19.99,17709,84.3,14856.44
Valor Soccer Arena,69.99,7840,71.5,22796.64
Dragon Racers X,49.99,14234,66.8,29102.43
Ultimate Quest Rising,59.99,500,66.5,3201.15
Apex Soccer Arena,19.99,31102,78.0,42538.64
Shadow Chronicles Reloaded,39.99,10949,77.6,10099.88
Kingdom of Dungeon 3D,49.99,5360,74.8,8490.2
Neo Warfare Remastered,49.99,500,75.6,4977.36
Pixel Combat Remastered,29.99,9399,83.3,4474.31
Kingdom of Chronicles HD,14.99,19601,84.4,6936.5
Dragon Horizon Unbound,39.99,5977,78.1,13239.75
Astral Reborn Online,29.99,101862,75.5,189711.38
Chrono League Unbound,39.99,7530,85.8,15900.73
Neo Legacy Online,69.99,8626,65.5,32136.58
Galactic Soccer 2025,29.99,20709,80.6,40154.16
Cyber Racers HD,59.99,11921,78.9,30670.76
Galactic Quest Tactics,19.99,11496,80.8,24898.34
Legends of Chronicles Online,49.99,936,69.4,8141.31
Neo Empire V,69.99,40201,61.5,114797.79
EA Sports Frontier Zero,19.99,83448,86.7,163930.3
Chrono Hunter Overdrive,14.99,17725,91.2,5000.74
Shadow Frontier Remastered,29.99,13580,86.7,9662.15
Chrono Warfare X,14.99,7796,95.0,20336.85
Ultimate Strike Rising,49.99,14827,63.8,10254.4
Shadow Warfare Prime,69.99,15558,70.0,44621.25
Galactic Frontier Online,29.99,7964,80.2,12987.31
EA Sports Protocol Arena,29.99,112297,80.1,234463.7
Apex League Valhalla,29.99,46700,79.9,88481.48
Over Empire Valhalla,49.99,11642,70.5,33275.41
Over Hunter Prime,14.99,45301,95.0,75130.83
Shadow Rift IV,39.99,36550,83.2,81299.93
Elden Hunter Origins,39.99,7869,79.1,15306.8
Star Hunter X,39.99,4923,85.8,11893.92
Super Tactics Tactics,19.99,14930,79.4,29089.81
Valor Hunter Unbound,49.99,29388,68.4,63680.66
Super Rift X Vol. 678,14.99,27342,78.1,30916.97
Chrono Tactics V Vol. 679,19.99,14078,83.5,5558.06
Astral Odyssey 2025 Vol. 680,59.99,6527,71.8,12054.29
Valor Protocol V,49.99,12867,75.5,24984.91
Legends of Warfare HD,14.99,19063,89.8,24942.65
Super Horizon Remastered,19.99,100233,79.9,193405.09
Star Odyssey Overdrive,19.99,5242,91.0,6727.86
Chrono Racers Reloaded,29.99,21571,84.2,44604.46
Iron Soccer Prime,19.99,57851,90.7,119266.18
Kingdom of Frontier Arena,14.99,128403,79.5,250000.0
Dragon League Tactics,39.99,15796,80.6,17954.62
Valor Protocol Remastered,49.99,22229,69.1,43977.33
Kingdom of Legacy Tactics,39.99,29764,77.0,47560.62
Shadow Rift Unbound,49.99,10326,77.7,32711.49
Star Legacy HD,14.99,23212,89.5,24371.14
Iron Racers V,69.99,12099,62.7,41604.99
Ultimate Racers Overdrive,59.99,2199,71.0,2138.27
Astral Tactics Overdrive,59.99,20373,63.3,53213.61
Kingdom of Warfare 2025,59.99,8812,76.8,30521.23
Cyber Legacy 2025,69.99,6399,66.0,21536.94
Astral Rift 3D,39.99,101130,84.6,208326.57
Star Racers Remastered,19.99,11825,84.4,13698.83
Legends of Strike IV,39.99,10787,76.4,17978.36
Ultimate Hunter V,49.99,83413,71.2,197117.11
Cyber Saga Online,49.99,500,79.4,11706.96
Neo Frontier IV,39.99,10989,75.5,15520.0
Astral Tactics Overdrive Vol. 704,14.99,23998,92.2,23224.77
Chrono Horizon V,29.99,35376,81.1,62363.44
Elden Reborn Origins Vol. 706,69.99,500,57.1,33117.02
Elden Warfare Edition Vol. 707,39.99,4572,76.2,7386.24
Ultimate Horizon Overdrive,39.99,500,73.1,15801.05
Iron Dungeon Unleashed,29.99,19446,83.2,14656.59
Legends of Racers HD Vol. 710,29.99,11779,77.1,24903.88
Astral Reborn Unbound Vol. 711,59.99,21813,75.6,41185.59
Apex Rift 2025,49.99,23124,74.5,40872.21
Cyber Odyssey Unbound,49.99,500,74.1,4555.03
Galactic Empire Origins,39.99,32420,82.3,77959.21
Pixel Tactics Prime,39.99,20339,83.8,34633.23
Cyber Strike Unbound Vol. 716,19.99,53121,86.9,107423.26
Valor Soccer Prime,49.99,19392,71.1,41948.52
Shadow Chronicles 3D,29.99,40006,74.1,80928.63
Pixel Soccer Origins,29.99,16400,79.6,42896.49
Ultimate Strike Arena,39.99,38374,75.9,103386.1
Kingdom of Chronicles Origins,69.99,15545,67.5,45353.86
Super Protocol Overdrive,14.99,18672,87.3,24393.81
Neo Combat Origins,59.99,106737,74.4,250000.0
Neo Odyssey Rising,29.99,38934,79.9,65449.7
Shadow Empire Reloaded,29.99,33357,82.7,47750.48
Star Odyssey V,14.99,12518,94.9,7507.78
Star Rift Overdrive,29.99,7638,84.7,7418.2
Galactic Racers HD,39.99,21727,78.7,36051.92
Star Strike Edition,14.99,17721,86.0,31117.36
Kingdom of Protocol Rising,39.99,10669,75.8,14557.73
Legends of Empire HD,69.99,10701,62.8,30976.46
Legends of Quest V,19.99,71689,84.3,131745.45
Apex Quest Edition,49.99,14586,78.8,53927.86
Valor Hunter Reloaded,29.99,6064,81.9,8595.48
Ultimate Hunter Zero,49.99,6440,68.3,24064.46
Dragon Saga Rising,29.99,11915,91.8,12028.49
Neo Reborn Origins,19.99,19622,88.6,18256.93
Over Quest Origins,19.99,24491,80.0,17789.87
Galactic Protocol Zero,14.99,15537,86.8,16686.49
Grand Quest IV,19.99,9965,87.6,7668.41
Elden Racers Rising,49.99,16406,83.5,23679.03
EA Sports Tactics Zero,59.99,5396,65.5,15358.01
Astral Odyssey Reloaded,59.99,3988,75.9,1437.34
Star Saga Unleashed,49.99,95768,82.0,209603.31
Pixel Reborn Unleashed,19.99,39180,83.9,79919.06
Grand Soccer Origins,29.99,7647,81.6,18466.24
Galactic League Tactics,29.99,10581,77.8,27414.27
Iron Rift Rising,19.99,16064,86.0,8336.06
Galactic Hunter HD,39.99,74933,78.8,146638.09
Ultimate Saga Overdrive,39.99,92972,82.3,179384.84
Shadow Empire Online,29.99,24378,88.5,31466.97
Cyber Legacy HD,29.99,45509,79.3,74871.65
Legends of Combat Edition,59.99,8528,61.2,32057.51
Cyber Frontier Zero,49.99,500,74.9,7067.59
Ultimate Protocol Valhalla,29.99,18273,84.5,17821.78
Ultimate Horizon Edition,69.99,9905,68.3,30697.24
Iron Empire Zero,69.99,2224,65.4,17076.39
Valor Dungeon Zero,29.99,17668,83.6,21619.41
Astral Combat Prime Vol. 759,29.99,18667,90.6,24553.27
Star Frontier Unleashed,39.99,20587,80.9,24812.96
Astral Empire Remastered,69.99,13233,65.1,28346.49
Pixel Empire X,59.99,3915,68.5,9315.13
Legends of Saga Overdrive,19.99,19142,86.2,13134.32
Neo Hunter 3D,29.99,11923,91.2,7445.88
Galactic Legacy Unbound,39.99,32883,78.1,71525.95
Over Horizon Reloaded,39.99,8259,78.9,3275.92
Neo Combat V,19.99,40402,84.6,85271.05
Iron Tactics Overdrive,59.99,50700,76.5,107618.67
Iron Reborn X,49.99,2979,84.8,19886.96
Neo Horizon Origins,59.99,500,73.3,1991.94
Super Racers Unleashed,59.99,1212,71.4,18745.13
Pixel Frontier Arena,49.99,14123,75.2,25230.68
EA Sports Saga Zero,29.99,10240,71.1,9792.79
Kingdom of Rift Zero Vol. 774,39.99,2261,82.7,16071.16
Super Frontier Origins Vol. 775,19.99,67027,87.7,124267.92
Shadow Quest Online,49.99,20652,77.1,52309.18
Galactic Racers Edition,19.99,18211,83.4,10672.61
Ultimate Horizon Edition Vol. 778,49.99,2459,73.1,5444.72
Astral Chronicles V,19.99,19709,84.9,19399.11
Legends of Rift IV Vol. 780,19.99,13994,92.1,21732.05
Legends of Tactics Online,19.99,25940,85.1,44187.59
Kingdom of Frontier Rising Vol. 782,14.99,15297,95.0,15751.38
Astral Legacy V,49.99,24477,77.2,44868.87
Star Horizon Valhalla,49.99,92228,68.6,186307.54
Elden Strike Unleashed,39.99,26341,78.4,60809.48
EA Sports Odyssey Arena,19.99,25925,83.7,25640.07
Cyber Tactics Edition,14.99,9734,78.0,22400.75
Shadow Soccer Tactics,14.99,13006,95.0,18832.26
Galactic Chronicles Edition,19.99,43633,90.5,87609.17
Chrono Legacy Online Vol. 790,59.99,500,73.7,14366.96
Neo Tactics Rising,19.99,13751,87.8,28147.75
Pixel Odyssey 3D,29.99,20810,76.1,28316.44
Shadow Soccer Valhalla,19.99,15262,84.6,16288.52
Star Odyssey V Vol. 794,19.99,13968,91.2,6819.45
Valor Reborn Unleashed,39.99,23177,73.7,37159.49
Dragon Legacy Unleashed,39.99,15721,66.3,25311.04
Neo Frontier Tactics,19.99,32256,85.9,44366.52
Cyber Reborn Valhalla,14.99,17255,88.3,15778.44
Neo Odyssey Rising Vol. 799,29.99,41108,83.7,91201.01
Super Combat Prime,19.99,19329,90.6,11195.04
Dragon Saga Reloaded,19.99,73130,90.2,149050.47
Neo Quest Rising,69.99,500,68.3,4686.14
Chrono Odyssey Prime,39.99,20813,85.0,41554.87
Apex Saga Arena Vol. 804,39.99,17914,71.4,43279.34
Chrono Saga 3D,29.99,9379,85.5,12142.21
Grand Chronicles HD,29.99,26229,86.1,41125.92
Apex Soccer Prime,39.99,48266,72.8,96714.5
Kingdom of Combat Remastered,49.99,500,67.5,2931.24
Neo Horizon Rising,49.99,17579,71.3,44477.77
Neo Strike Rising,19.99,15375,83.7,2223.26
Neo Reborn Unleashed,39.99,10094,82.8,10242.85
Kingdom of Racers 3D,29.99,78116,79.9,137196.07
Elden Soccer Origins,59.99,9669,66.7,15036.23
Star Empire Edition Vol. 814,39.99,12467,75.9,8317.53
EA Sports Odyssey Tactics,39.99,5996,84.6,22071.94
Cyber Chronicles Unbound,19.99,108562,87.1,212757.08
Valor Racers 2025,39.99,4676,78.1,4308.38
Cyber Strike HD,19.99,10479,86.5,9402.12
Astral Frontier Prime,29.99,60961,89.5,120262.45
Cyber Frontier Edition,19.99,91319,83.3,172422.36
Pixel Racers 3D,49.99,13423,81.6,24259.63
Kingdom of Rift Valhalla,19.99,8117,88.1,7792.74
Kingdom of Protocol Tactics,29.99,108168,82.2,218784.72
Over Dungeon IV,59.99,53446,83.5,132513.84
Cyber Horizon Prime,19.99,33957,81.7,53047.71
Valor Horizon Online,39.99,6858,77.2,11939.38
Valor Quest Unbound,29.99,16435,76.8,25615.95
Chrono Saga Overdrive,14.99,24646,93.8,22917.13
Grand Tactics Arena,49.99,11656,83.4,37453.35
Apex Chronicles Edition,14.99,71891,95.0,114806.28
Over Legacy Origins,39.99,23067,85.1,64823.08
Valor Soccer Remastered,39.99,4136,78.0,9160.21
EA Sports Empire Unleashed,39.99,52807,77.2,106563.51
Elden Frontier HD,49.99,19482,66.6,36795.55
Super Combat Online,29.99,29566,93.2,53480.15
Kingdom of Chronicles 2025,14.99,62687,91.3,116604.23
Dragon Warfare Reloaded,49.99,6039,72.5,8852.19
Legends of Chronicles Rising,39.99,13528,85.6,25956.42
Dragon Warfare Tactics,59.99,11084,66.1,15812.33
Astral Strike V,59.99,3723,73.0,5609.07
Super League Origins,59.99,18490,70.1,38052.04
Ultimate Rift V,39.99,110672,82.2,250000.0
Kingdom of Warfare Valhalla,29.99,7528,82.7,4272.36
Apex Reborn Unbound,49.99,10222,67.7,26048.6
Over Saga Zero,39.99,20947,79.4,51049.09
Chrono League Remastered,19.99,24495,92.2,30426.77
Elden Empire Unbound,59.99,5126,70.9,24025.52
Star Odyssey 3D,59.99,3581,74.9,7337.72
Star Saga Zero,39.99,12931,73.8,33954.84
Iron Tactics 3D,14.99,24778,88.9,12622.5
Legends of Hunter Rising,29.99,2876,79.9,3011.15
Ultimate Racers Zero,59.99,38077,74.7,88839.99
Over Quest Edition,69.99,29529,67.2,70149.63
Star Racers Tactics,19.99,18898,90.5,28329.56
Pixel Tactics Overdrive,14.99,29988,94.4,33829.03
Grand Reborn Origins,59.99,26304,74.5,78772.4
Elden Horizon X,29.99,28414,84.4,33669.23
Kingdom of Hunter HD,39.99,32970,74.0,66437.54
Cyber Soccer Zero,69.99,500,67.0,19980.61
Legends of Saga Arena Vol. 860,14.99,53964,86.3,99905.87
Apex Legacy Zero,39.99,23732,77.3,37078.25
Valor League Prime,14.99,22279,87.1,32664.75
Chrono Frontier V,29.99,5655,78.1,7554.8
Pixel Rift Remastered,59.99,12025,61.2,35844.87
Neo Racers Overdrive,29.99,5386,79.7,11708.2
Grand Hunter Tactics,69.99,9500,68.0,14210.23
Super Quest Zero,39.99,5527,72.3,11903.94
EA Sports Rift Reloaded,29.99,14329,83.1,9262.83
EA Sports Odyssey Tactics Vol. 869,19.99,111393,95.0,225206.13
Astral Reborn HD,29.99,46916,88.1,101858.42
Over Horizon 3D,29.99,88581,91.2,183572.97
Apex Quest IV,14.99,17986,91.0,7919.67
Neo Warfare Online,29.99,18062,88.8,28890.09
Chrono Soccer Remastered,39.99,12289,75.4,7379.73
Super Odyssey Prime,49.99,11148,71.8,13417.37
Ultimate Soccer Remastered,49.99,9431,61.3,10741.53
Legends of Tactics Tactics,49.99,39522,80.9,92928.35
Valor Strike Unleashed Vol. 878,14.99,13249,95.0,18101.87
Over Horizon V,19.99,41172,84.2,78305.99
Iron Frontier X,49.99,23134,73.7,49223.23
Legends of Warfare Remastered,39.99,118231,75.2,250000.0
Over Rift 2025,14.99,2402,90.9,6127.58
Shadow Tactics V,59.99,39610,76.6,94772.37
Legends of Reborn Arena,49.99,38892,66.3,84663.59
Valor Horizon Valhalla,39.99,6189,81.1,10164.14
Dragon Soccer X Vol. 886,14.99,50103,87.6,73653.97
Grand Saga Remastered,49.99,19055,75.6,37652.14
Super Tactics Valhalla,39.99,19197,81.3,21429.5
Ultimate Warfare Remastered,49.99,4234,74.1,11802.47
Galactic Saga Unbound,49.99,10588,74.5,13106.85
Chrono Dungeon Prime,59.99,99202,69.9,208942.02
Super Hunter Remastered,39.99,21676,83.9,26921.56
Cyber Saga Tactics,19.99,30008,89.1,58813.69
Iron Racers 3D,49.99,4224,76.1,12198.89
Star Legacy Online,39.99,6827,72.6,12334.4
Over Empire Unbound,49.99,38169,73.1,79378.66
Legends of Racers IV,19.99,15574,91.5,6977.35
Iron Combat Unleashed,19.99,12801,87.2,17761.46
Super Strike V,59.99,9867,74.3,27834.39
Astral Strike 3D,49.99,3436,83.8,30072.69
Cyber Hunter Remastered Vol. 901,69.99,11334,72.2,22491.81
Elden Legacy Prime,49.99,15426,75.5,39967.42
Dragon Hunter 3D,39.99,27488,76.4,53790.69
Chrono Rift Unleashed,49.99,23693,62.2,56085.78
Astral Reborn Remastered,59.99,7250,70.2,10038.63
Kingdom of Reborn HD,39.99,500,77.4,20248.68
Star Protocol Unbound,39.99,42904,81.0,88855.16
Astral Dungeon Unleashed,19.99,38091,86.2,65817.9
Iron Tactics 3D Vol. 909,39.99,3802,77.4,6816.77
Chrono Odyssey Zero,49.99,25839,66.1,38233.98
Dragon Dungeon 2025 Vol. 911,29.99,3240,78.3,3721.1
Star Legacy Reloaded,19.99,25550,89.4,28195.99
Shadow Dungeon 3D,29.99,88546,91.6,179470.66
Legends of Odyssey Online,19.99,20002,86.5,10426.51
Galactic Warfare HD,19.99,10923,88.6,11680.51
Astral Dungeon Valhalla,29.99,28329,87.8,57758.73
Dragon Rift X,69.99,2071,62.9,5751.4
Shadow Horizon 3D,39.99,11559,80.8,14289.0
Valor Soccer Valhalla,19.99,23259,83.3,48846.65
Star Soccer Remastered,14.99,14226,93.3,14267.14
Over Quest HD,49.99,11496,75.8,21248.25
Legends of Odyssey Remastered,29.99,35672,84.5,56623.86
Dragon Warfare 2025,59.99,12060,67.1,41008.97
Galactic Protocol Arena,49.99,1240,78.5,35130.27
Galactic Frontier X,49.99,11243,85.4,19165.7
Astral Saga Arena,29.99,17429,78.0,38951.05
Legends of Reborn Prime,49.99,613,73.3,23772.09
Galactic Reborn Tactics,29.99,10976,84.2,42523.22
Star Reborn Online,69.99,5438,70.9,16367.75
Pixel Odyssey X,39.99,13732,76.2,22413.78
Neo Racers X,29.99,9373,68.8,9997.02
Ultimate Warfare HD,29.99,24638,89.8,25977.66
Super Hunter Tactics,19.99,17569,90.8,11956.13
Chrono Combat Rising,49.99,12058,66.3,8830.38
Over Strike Zero,19.99,17719,84.0,34844.87
Elden League 2025,39.99,17806,86.8,33280.93
Neo Empire Remastered,29.99,24405,90.2,58857.45
Galactic Legacy Remastered,49.99,6722,79.7,17481.08
Apex Protocol Prime,59.99,13966,70.1,40459.34
Dragon Protocol Tactics,49.99,24136,75.4,46667.23
Dragon Legacy Rising,49.99,19118,74.3,41972.66
Galactic Horizon Prime,19.99,17422,92.6,11782.21
Super Chronicles Rising,14.99,28076,84.6,31237.15
Kingdom of Horizon HD,49.99,28202,71.0,38721.11
Legends of Soccer Rising,29.99,16620,88.1,27097.0
Legends of Empire Unleashed,29.99,2800,82.8,3339.32
Pixel Dungeon Unbound Vol. 947,14.99,25947,95.0,31586.64
Neo Horizon 3D,29.99,112630,79.6,245863.32
Elden Horizon IV,14.99,26358,88.7,18768.98
Astral Protocol 2025,59.99,1432,66.4,12989.84
Galactic Frontier Unleashed,19.99,23760,87.0,39079.31
Over Hunter Zero,39.99,17191,71.6,36767.82
Neo Frontier Valhalla,14.99,53998,86.6,88675.17
Super Protocol Unbound,49.99,2655,67.8,7647.48
EA Sports Hunter 3D,29.99,27951,86.5,55903.39
Neo Saga Rising,59.99,27178,74.6,48553.52
Iron Tactics Overdrive Vol. 957,59.99,3224,62.4,23338.36
Valor Warfare Online,29.99,23167,89.7,37747.98
Super Odyssey Overdrive,69.99,31157,79.5,75316.72
EA Sports Reborn Arena,69.99,14810,67.2,64364.36
Galactic Tactics Rising,59.99,3264,67.8,8578.21
Super Frontier Unleashed,59.99,19219,85.1,61093.34
Iron Dungeon Unbound,19.99,24464,80.4,25217.95
Ultimate Dungeon Edition,39.99,11211,79.1,28936.94
Ultimate Reborn Reloaded,14.99,26992,89.9,28946.28
Neo League 3D,14.99,26449,95.0,23150.16
Valor Reborn HD,69.99,38173,68.8,88584.09
Pixel Racers Prime,29.99,18393,80.5,24742.61
Chrono Warfare Tactics,49.99,2798,70.2,8781.95
Shadow Rift Zero,59.99,2288,69.3,18150.8
Ultimate Empire HD,59.99,18833,66.0,32166.95
Over Racers Reloaded,69.99,31891,67.2,91969.73
Super Protocol Arena,19.99,25945,84.2,49172.74
EA Sports Empire Tactics,14.99,19001,81.5,11492.67
Grand Combat Online,29.99,114522,89.3,250000.0
Shadow Protocol HD Vol. 976,19.99,20029,84.5,35058.57
Chrono Frontier V Vol. 977,14.99,46627,82.7,96316.1
Shadow Racers X,29.99,13990,82.2,23116.12
Iron Dungeon Zero,49.99,20226,75.3,45860.49
Grand Rift Online,39.99,32246,70.3,62284.54
Super Chronicles V,29.99,51692,84.7,90961.78
EA Sports Chronicles Online,49.99,37489,69.8,77448.49
EA Sports Quest 2025 Vol. 983,19.99,37009,95.0,64356.74
Iron Tactics Unleashed,14.99,18346,91.6,19631.94
Kingdom of Combat Remastered Vol. 985,49.99,9388,73.0,15187.89
Grand Saga Reloaded,39.99,26249,75.3,37519.18
Dragon Empire Tactics,49.99,31414,74.5,68400.0
EA Sports Hunter V,14.99,17846,92.1,21531.65
Apex Tactics X,59.99,27163,70.9,78055.23
Chrono Quest Online,39.99,47523,77.9,114991.87
Dragon Protocol Overdrive,39.99,11176,79.3,10760.95
EA Sports Racers Reloaded Vol. 992,39.99,11135,76.0,11650.21
Neo Odyssey 3D,59.99,10410,69.3,23379.74
Grand League Unleashed,39.99,18826,68.6,36593.02
Valor Strike Arena,39.99,17202,83.9,15921.62
Kingdom of Soccer Origins,69.99,38385,68.5,104005.88
Kingdom of Soccer Remastered,49.99,23279,71.1,41112.47
Chrono Odyssey Overdrive,29.99,18402,92.5,27985.65
Legends of Empire IV,49.99,500,75.4,6400.24
Iron Tactics Rising,29.99,12213,77.8,7216.92
